ID,Name,Category,URL
0,Idle,Idle,https://cdn.meshy.ai/webapp-assets/feature-demo/animation/preview/biped/Idle.gif
1,Walking_Woman,Walking,https://cdn.meshy.ai/webapp-assets/feature-demo/animation/preview/biped/Walking_Woman_woman.gif
2,Alert,LookingAround,https://cdn.meshy.ai/webapp-assets/feature-demo/animation/preview/biped/Alert.gif
3,Arise,LookingAround,https://cdn.meshy.ai/webapp-assets/feature-demo/animation/preview/biped/Arise.gif
4,Attack,AttackingwithWeapon,https://cdn.meshy.ai/webapp-assets/feature-demo/animation/preview/biped/Attack.gif
5,BackLeft_run,Running,https://cdn.meshy.ai/webapp-assets/feature-demo/animation/preview/biped/BackLeft_run.gif
6,BackRight_Run,Running,https://cdn.meshy.ai/webapp-assets/feature-demo/animation/preview/biped/BackRight_Run.gif
7,BeHit_FlyUp,GettingHit,https://cdn.meshy.ai/webapp-assets/feature-demo/animation/preview/biped/BeHit_FlyUp.gif
8,Dead,Dying,https://cdn.meshy.ai/webapp-assets/feature-demo/animation/preview/biped/Dead.gif
9,ForwardLeft_Run_Fight,Transitioning,https://cdn.meshy.ai/webapp-assets/feature-demo/animation/preview/biped/ForwardLeft_Run_Fight.gif
10,ForwardRight_Run_Fight,Transitioning,https://cdn.meshy.ai/webapp-assets/feature-demo/animation/preview/biped/ForwardRight_Run_Fight.gif
11,Idle_02,Idle,https://cdn.meshy.ai/webapp-assets/feature-demo/animation/preview/biped/Idle_02.gif
12,Idle_03,Idle,https://cdn.meshy.ai/webapp-assets/feature-demo/animation/preview/biped/Idle_03.gif
13,Jump_Run,Running,https://cdn.meshy.ai/webapp-assets/feature-demo/animation/preview/biped/Jump_Run.gif
14,Run_02,Running,https://cdn.meshy.ai/webapp-assets/feature-demo/animation/preview/biped/Run_02.gif
15,Run_03,Running,https://cdn.meshy.ai/webapp-assets/feature-demo/animation/preview/biped/Run_03.gif
16,RunFast,Running,https://cdn.meshy.ai/webapp-assets/feature-demo/animation/preview/biped/RunFast.gif
20,Walk_Fight_Back,Walking,https://cdn.meshy.ai/webapp-assets/feature-demo/animation/preview/biped/Walk_Fight_Back.gif
21,Walk_Fight_Forward,Walking,https://cdn.meshy.ai/webapp-assets/feature-demo/animation/preview/biped/Walk_Fight_Forward.gif
22,FunnyDancing_01,Dancing,https://cdn.meshy.ai/webapp-assets/feature-demo/animation/preview/biped/FunnyDancing_01.gif
23,FunnyDancing_02,Dancing,https://cdn.meshy.ai/webapp-assets/feature-demo/animation/preview/biped/FunnyDancing_02.gif
24,FunnyDancing_03,Dancing,https://cdn.meshy.ai/webapp-assets/feature-demo/animation/preview/biped/FunnyDancing_03.gif
25,Agree_Gesture,Interacting,https://cdn.meshy.ai/webapp-assets/feature-demo/animation/preview/biped/Agree_Gesture.gif
26,Angry_Stomp,Interacting,https://cdn.meshy.ai/webapp-assets/feature-demo/animation/preview/biped/Angry_Stomp.gif
27,Big_Heart_Gesture,Acting,https://cdn.meshy.ai/webapp-assets/feature-demo/animation/preview/biped/Big_Heart_Gesture.gif
28,Big_Wave_Hello,Interacting,https://cdn.meshy.ai/webapp-assets/feature-demo/animation/preview/biped/Big_Wave_Hello.gif
29,Call_Gesture,Acting,https://cdn.meshy.ai/webapp-assets/feature-demo/animation/preview/biped/Call_Gesture.gif
30,Casual_Walk,Walking,https://cdn.meshy.ai/webapp-assets/feature-demo/animation/preview/biped/Casual_Walk.gif
31,Catching_Breath,Acting,https://cdn.meshy.ai/webapp-assets/feature-demo/animation/preview/biped/Catching_Breath.gif
32,Chair_Sit_Idle_F,Idle,https://cdn.meshy.ai/webapp-assets/feature-demo/animation/preview/biped/Chair_Sit_Idle_F.gif
33,Chair_Sit_Idle_M,Idle,https://cdn.meshy.ai/webapp-assets/feature-demo/animation/preview/biped/Chair_Sit_Idle_M.gif
34,Checkout_Gesture,Interacting,https://cdn.meshy.ai/webapp-assets/feature-demo/animation/preview/biped/Checkout_Gesture.gif
35,Clapping_Run,Acting,https://cdn.meshy.ai/webapp-assets/feature-demo/animation/preview/biped/Clapping_Run.gif
36,Confused_Scratch,Idle,https://cdn.meshy.ai/webapp-assets/feature-demo/animation/preview/biped/Confused_Scratch.gif
37,Discuss_While_Moving,Interacting,https://cdn.meshy.ai/webapp-assets/feature-demo/animation/preview/biped/Discuss_While_Moving.gif
38,Dozing_Elderly,Idle,https://cdn.meshy.ai/webapp-assets/feature-demo/animation/preview/biped/Dozing_Elderly.gif
39,Excited_Walk_F,Acting,https://cdn.meshy.ai/webapp-assets/feature-demo/animation/preview/biped/Excited_Walk_F.gif
40,Excited_Walk_M,Acting,https://cdn.meshy.ai/webapp-assets/feature-demo/animation/preview/biped/Excited_Walk_M.gif
41,Formal_Bow,Interacting,https://cdn.meshy.ai/webapp-assets/feature-demo/animation/preview/biped/Formal_Bow.gif
42,Gentlemans_Bow,Interacting,https://cdn.meshy.ai/webapp-assets/feature-demo/animation/preview/biped/Gentleman%E2%80%99s_Bow.gif
43,Handbag_Walk,Acting,https://cdn.meshy.ai/webapp-assets/feature-demo/animation/preview/biped/Handbag_Walk.gif
44,Happy_jump_f,Acting,https://cdn.meshy.ai/webapp-assets/feature-demo/animation/preview/biped/Happy_Jump_F.gif
45,Indoor_Play,Acting,https://cdn.meshy.ai/webapp-assets/feature-demo/animation/preview/biped/Indoor_Play.gif
46,Jump_Rope,Acting,https://cdn.meshy.ai/webapp-assets/feature-demo/animation/preview/biped/Jump_Rope.gif
47,Listening_Gesture,Interacting,https://cdn.meshy.ai/webapp-assets/feature-demo/animation/preview/biped/Listening_Gesture.gif
48,Mirror_Viewing,Idle,https://cdn.meshy.ai/webapp-assets/feature-demo/animation/preview/biped/Mirror_Viewing.gif
49,Motivational_Cheer,Interacting,https://cdn.meshy.ai/webapp-assets/feature-demo/animation/preview/biped/Motivational_Cheer.gif
50,Phone_Call_Gesture,Interacting,https://cdn.meshy.ai/webapp-assets/feature-demo/animation/preview/biped/Phone_Call_Gesture.gif
51,Shouting_Angrily,Acting,https://cdn.meshy.ai/webapp-assets/feature-demo/animation/preview/biped/Shouting_Angrily.gif
52,Sit_to_Stand_Transition_F,Transitioning,https://cdn.meshy.ai/webapp-assets/feature-demo/animation/preview/biped/Sit_to_Stand_Transition_F.gif
53,Sit_to_Stand_Transition_M,Transitioning,https://cdn.meshy.ai/webapp-assets/feature-demo/animation/preview/biped/Sit_to_Stand_Transition_M.gif
54,Squat_Stance,Dancing,https://cdn.meshy.ai/webapp-assets/feature-demo/animation/preview/biped/Squat_Stance.gif
55,Stage_Walk,Walking,https://cdn.meshy.ai/webapp-assets/feature-demo/animation/preview/biped/Stage_Walk.gif
56,Stand_and_Chat,Interacting,https://cdn.meshy.ai/webapp-assets/feature-demo/animation/preview/biped/Stand_and_Chat.gif
57,Stand_to_Sit_Transition_M,Transitioning,https://cdn.meshy.ai/webapp-assets/feature-demo/animation/preview/biped/Stand_to_Sit_Transition_M.gif
58,Step_to_Sit_Transition,Transitioning,https://cdn.meshy.ai/webapp-assets/feature-demo/animation/preview/biped/Step_to_Sit_Transition.gif
59,Victory_Cheer,Acting,https://cdn.meshy.ai/webapp-assets/feature-demo/animation/preview/biped/Victory_Cheer.gif
60,Walk_to_Sit,Transitioning,https://cdn.meshy.ai/webapp-assets/feature-demo/animation/preview/biped/Walk_to_Sit.gif
61,happy_jump_m,Acting,https://cdn.meshy.ai/webapp-assets/feature-demo/animation/preview/biped/Happy_Jump_M.gif
62,penguin_walk,Acting,https://cdn.meshy.ai/webapp-assets/feature-demo/animation/preview/biped/Penguin_walk.gif
63,Arm_Circle_Shuffle,Dancing,https://cdn.meshy.ai/webapp-assets/feature-demo/animation/preview/biped/Arm_Circle_Shuffle.gif
64,All_Night_Dance,Dancing,https://cdn.meshy.ai/webapp-assets/feature-demo/animation/preview/biped/All_Night_Dance.gif
65,Bass_Beats,Dancing,https://cdn.meshy.ai/webapp-assets/feature-demo/animation/preview/biped/Bass_Beats.gif
66,Boom_Dance,Dancing,https://cdn.meshy.ai/webapp-assets/feature-demo/animation/preview/biped/Boom_Dance.gif
67,Bubble_Dance,Dancing,https://cdn.meshy.ai/webapp-assets/feature-demo/animation/preview/biped/Bubble_Dance.gif
68,Cherish_Pop_Dance,Dancing,https://cdn.meshy.ai/webapp-assets/feature-demo/animation/preview/biped/Cherish_Pop_Dance.gif
69,Crystal_Beads,Dancing,https://cdn.meshy.ai/webapp-assets/feature-demo/animation/preview/biped/Crystal_Beads.gif
70,Cardio_Dance,Dancing,https://cdn.meshy.ai/webapp-assets/feature-demo/animation/preview/biped/Cardio_Dance.gif
71,Denim_Pop_Dance,Dancing,https://cdn.meshy.ai/webapp-assets/feature-demo/animation/preview/biped/Denim_Pop_Dance.gif
72,Dont_You_Dare,Dancing,https://cdn.meshy.ai/webapp-assets/feature-demo/animation/preview/biped/Dont_You_Dare.gif
73,Fast_Lightning,Dancing,https://cdn.meshy.ai/webapp-assets/feature-demo/animation/preview/biped/Fast_Lightning.gif
74,Gangnam_Groove,Dancing,https://cdn.meshy.ai/webapp-assets/feature-demo/animation/preview/biped/Gangnam_Groove.gif
75,Indoor_Swing,Dancing,https://cdn.meshy.ai/webapp-assets/feature-demo/animation/preview/biped/Indoor_Swing.gif
76,Love_You_Pop_Dance,Dancing,https://cdn.meshy.ai/webapp-assets/feature-demo/animation/preview/biped/Love_You_Pop_Dance.gif
77,Magic_Genie,Dancing,https://cdn.meshy.ai/webapp-assets/feature-demo/animation/preview/biped/Magic_Genie.gif
78,Not_Your_Mom,Dancing,https://cdn.meshy.ai/webapp-assets/feature-demo/animation/preview/biped/Not_Your_Mom.gif
79,OMG_Groove,Dancing,https://cdn.meshy.ai/webapp-assets/feature-demo/animation/preview/biped/OMG_Groove.gif
80,Pop_Dance_LSA2,Dancing,https://cdn.meshy.ai/webapp-assets/feature-demo/animation/preview/biped/Pop_Dance_LSA2.gif
81,Pod_Baby_Groove,Dancing,https://cdn.meshy.ai/webapp-assets/feature-demo/animation/preview/biped/Pod_Baby_Groove.gif
82,Shake_It_Off_Dance,Dancing,https://cdn.meshy.ai/webapp-assets/feature-demo/animation/preview/biped/Shake_It_Off_Dance.gif
83,Superlove_Pop_Dance,Dancing,https://cdn.meshy.ai/webapp-assets/feature-demo/animation/preview/biped/Superlove_Pop_Dance.gif
84,You_Groove,Dancing,https://cdn.meshy.ai/webapp-assets/feature-demo/animation/preview/biped/You_Groove.gif
85,Axe_Stance,Transitioning,https://cdn.meshy.ai/webapp-assets/feature-demo/animation/preview/biped/Axe_Stance.gif
86,Basic_Jump,AttackingwithWeapon,https://cdn.meshy.ai/webapp-assets/feature-demo/animation/preview/biped/Basic_Jump.gif
87,Boxing_Practice,Punching,https://cdn.meshy.ai/webapp-assets/feature-demo/animation/preview/biped/Boxing_Practice.gif
88,Chest_Pound_Taunt,Transitioning,https://cdn.meshy.ai/webapp-assets/feature-demo/animation/preview/biped/Chest_Pound_Taunt.gif
89,Combat_Stance,AttackingwithWeapon,https://cdn.meshy.ai/webapp-assets/feature-demo/animation/preview/biped/Combat_Stance.gif
90,Counterstrike,Punching,https://cdn.meshy.ai/webapp-assets/feature-demo/animation/preview/biped/Counterstrike.gif
91,Double_Blade_Spin,AttackingwithWeapon,https://cdn.meshy.ai/webapp-assets/feature-demo/animation/preview/biped/Double_Blade_Spin.gif
92,Double_Combo_Attack,AttackingwithWeapon,https://cdn.meshy.ai/webapp-assets/feature-demo/animation/preview/biped/Double_Combo_Attack.gif
93,Dodge_and_Counter,Punching,https://cdn.meshy.ai/webapp-assets/feature-demo/animation/preview/biped/Dodge_and_Counter.gif
94,Flying_Fist_Kick,Punching,https://cdn.meshy.ai/webapp-assets/feature-demo/animation/preview/biped/Flying_Fist_Kick.gif
95,Gun_Hold_Left_Turn,AttackingwithWeapon,https://cdn.meshy.ai/webapp-assets/feature-demo/animation/preview/biped/Gun_Hold_Left_Turn.gif
96,Kung_Fu_Punch,Punching,https://cdn.meshy.ai/webapp-assets/feature-demo/animation/preview/biped/Kung_Fu_Punch.gif
97,Left_Slash,AttackingwithWeapon,https://cdn.meshy.ai/webapp-assets/feature-demo/animation/preview/biped/Left_Slash.gif
98,Run_and_Shoot,AttackingwithWeapon,https://cdn.meshy.ai/webapp-assets/feature-demo/animation/preview/biped/Run_and_Shoot.gif
99,Reaping_Swing,Transitioning,https://cdn.meshy.ai/webapp-assets/feature-demo/animation/preview/biped/Reaping_Swing.gif
100,Rightward_Spin,Transitioning,https://cdn.meshy.ai/webapp-assets/feature-demo/animation/preview/biped/Rightward_Spin.gif
101,Sword_Shout,Acting,https://cdn.meshy.ai/webapp-assets/feature-demo/animation/preview/biped/Sword_Shout.gif
102,Sword_Judgment,AttackingwithWeapon,https://cdn.meshy.ai/webapp-assets/feature-demo/animation/preview/biped/Sword_Judgment.gif
103,Simple_Kick,AttackingwithWeapon,https://cdn.meshy.ai/webapp-assets/feature-demo/animation/preview/biped/Simple_Kick.gif
104,Side_Shot,AttackingwithWeapon,https://cdn.meshy.ai/webapp-assets/feature-demo/animation/preview/biped/Side_Shot.gif
105,Triple_Combo_Attack,AttackingwithWeapon,https://cdn.meshy.ai/webapp-assets/feature-demo/animation/preview/biped/Triple_Combo_Attack.gif
106,Confident_Walk,Walking,https://cdn.meshy.ai/webapp-assets/feature-demo/animation/preview/biped/Confident_Walk.gif
107,Confident_Strut,Walking,https://cdn.meshy.ai/webapp-assets/feature-demo/animation/preview/biped/Confident_Strut.gif
108,Flirty_Strut,Walking,https://cdn.meshy.ai/webapp-assets/feature-demo/animation/preview/biped/Flirty_Strut.gif
109,Groovy_Walk,Acting,https://cdn.meshy.ai/webapp-assets/feature-demo/animation/preview/biped/Groovy_Walk.gif
110,Hello_Run,Running,https://cdn.meshy.ai/webapp-assets/feature-demo/animation/preview/biped/Hello_Run.gif
111,Injured_Walk,Walking,https://cdn.meshy.ai/webapp-assets/feature-demo/animation/preview/biped/Injured_Walk.gif
112,Monster_Walk,Walking,https://cdn.meshy.ai/webapp-assets/feature-demo/animation/preview/biped/Monster_Walk.gif
113,Mummy_Stagger,Acting,https://cdn.meshy.ai/webapp-assets/feature-demo/animation/preview/biped/Mummy_Stagger.gif
114,Proud_Strut,Walking,https://cdn.meshy.ai/webapp-assets/feature-demo/animation/preview/biped/Proud_Strut.gif
115,Quick_Walk,Walking,https://cdn.meshy.ai/webapp-assets/feature-demo/animation/preview/biped/Quick_Walk.gif
116,Run_to_Walk_Transition,Walking,https://cdn.meshy.ai/webapp-assets/feature-demo/animation/preview/biped/Run_to_Walk_Transition.gif
117,Red_Carpet_Walk,Walking,https://cdn.meshy.ai/webapp-assets/feature-demo/animation/preview/biped/Red_Carpet_Walk.gif
118,Skip_Forward,Walking,https://cdn.meshy.ai/webapp-assets/feature-demo/animation/preview/biped/Skip_Forward.gif
119,Slow_Orc_Walk,Walking,https://cdn.meshy.ai/webapp-assets/feature-demo/animation/preview/biped/Slow_Orc_Walk.gif
120,Touch_and_Run,Running,https://cdn.meshy.ai/webapp-assets/feature-demo/animation/preview/biped/Touch_and_Run.gif
121,Thoughtful_Walk,Walking,https://cdn.meshy.ai/webapp-assets/feature-demo/animation/preview/biped/Thoughtful_Walk.gif
122,Texting_Walk,Walking,https://cdn.meshy.ai/webapp-assets/feature-demo/animation/preview/biped/Texting_Walk.gif
123,Unsteady_Walk,Walking,https://cdn.meshy.ai/webapp-assets/feature-demo/animation/preview/biped/Unsteady_Walk.gif
124,Walking_with_Phone,Walking,https://cdn.meshy.ai/webapp-assets/feature-demo/animation/preview/biped/Walking_with_Phone.gif
125,Charged_Spell_Cast,CastingSpell,https://cdn.meshy.ai/webapp-assets/feature-demo/animation/preview/biped/Charged_Spell_Cast.gif
126,Charged_Spell_Cast_1,CastingSpell,https://cdn.meshy.ai/webapp-assets/feature-demo/animation/preview/biped/Charged_Spell_Cast_1.gif
127,Charged_Ground_Slam,CastingSpell,https://cdn.meshy.ai/webapp-assets/feature-demo/animation/preview/biped/Charged_Ground_Slam.gif
128,Heavy_Hammer_Swing,AttackingwithWeapon,https://cdn.meshy.ai/webapp-assets/feature-demo/animation/preview/biped/Heavy_Hammer_Swing.gif
129,mage_soell_cast,CastingSpell,https://cdn.meshy.ai/webapp-assets/feature-demo/animation/preview/biped/mage_soell_cast.gif
130,mage_soell_cast_1,CastingSpell,https://cdn.meshy.ai/webapp-assets/feature-demo/animation/preview/biped/mage_soell_cast_1.gif
131,mage_soell_cast_2,CastingSpell,https://cdn.meshy.ai/webapp-assets/feature-demo/animation/preview/biped/mage_soell_cast_2.gif
132,mage_soell_cast_3,CastingSpell,https://cdn.meshy.ai/webapp-assets/feature-demo/animation/preview/biped/mage_soell_cast_3.gif
133,mage_soell_cast_4,CastingSpell,https://cdn.meshy.ai/webapp-assets/feature-demo/animation/preview/biped/mage_soell_cast_4.gif
134,mage_soell_cast_5,CastingSpell,https://cdn.meshy.ai/webapp-assets/feature-demo/animation/preview/biped/mage_soell_cast_5.gif
135,mage_soell_cast_6,CastingSpell,https://cdn.meshy.ai/webapp-assets/feature-demo/animation/preview/biped/mage_soell_cast_6.gif
136,mage_soell_cast_7,CastingSpell,https://cdn.meshy.ai/webapp-assets/feature-demo/animation/preview/biped/mage_soell_cast_7.gif
137,mage_soell_cast_8,CastingSpell,https://cdn.meshy.ai/webapp-assets/feature-demo/animation/preview/biped/mage_soell_cast_8.gif
138,Block1,Blocking,https://cdn.meshy.ai/webapp-assets/feature-demo/animation/preview/biped/Block1.gif
139,Block2,Blocking,https://cdn.meshy.ai/webapp-assets/feature-demo/animation/preview/biped/Block2.gif
140,Block3,Blocking,https://cdn.meshy.ai/webapp-assets/feature-demo/animation/preview/biped/Block3.gif
141,Block4,Blocking,https://cdn.meshy.ai/webapp-assets/feature-demo/animation/preview/biped/Block4.gif
142,Block5,Blocking,https://cdn.meshy.ai/webapp-assets/feature-demo/animation/preview/biped/Block5.gif
143,Block6,Blocking,https://cdn.meshy.ai/webapp-assets/feature-demo/animation/preview/biped/Block6.gif
144,Block8,Blocking,https://cdn.meshy.ai/webapp-assets/feature-demo/animation/preview/biped/Block8.gif
145,Block9,Blocking,https://cdn.meshy.ai/webapp-assets/feature-demo/animation/preview/biped/Block9.gif
146,Block10,Blocking,https://cdn.meshy.ai/webapp-assets/feature-demo/animation/preview/biped/Block10.gif
147,Sword_Parry,Blocking,https://cdn.meshy.ai/webapp-assets/feature-demo/animation/preview/biped/Sword_Parry.gif
148,Sword_Parry_Backward,Blocking,https://cdn.meshy.ai/webapp-assets/feature-demo/animation/preview/biped/Sword_Parry_Backward.gif
149,Two_Handed_Parry,Blocking,https://cdn.meshy.ai/webapp-assets/feature-demo/animation/preview/biped/Two_Handed_Parry.gif
150,Hit_Reaction_with_Bow,Blocking,https://cdn.meshy.ai/webapp-assets/feature-demo/animation/preview/biped/Hit_Reaction_with_Bow.gif
151,Sword_Parry_Backward_1,Blocking,https://cdn.meshy.ai/webapp-assets/feature-demo/animation/preview/biped/Sword_Parry_Backward_1.gif
152,Sword_Parry_Backward_2,Blocking,https://cdn.meshy.ai/webapp-assets/feature-demo/animation/preview/biped/Sword_Parry_Backward_2.gif
153,Sword_Parry_Backward_3,Blocking,https://cdn.meshy.ai/webapp-assets/feature-demo/animation/preview/biped/Sword_Parry_Backward_3.gif
154,Sword_Parry_Backward_4,Blocking,https://cdn.meshy.ai/webapp-assets/feature-demo/animation/preview/biped/Sword_Parry_Backward_4.gif
155,Sword_Parry_Backward_5,Blocking,https://cdn.meshy.ai/webapp-assets/feature-demo/animation/preview/biped/Sword_Parry_Backward_5.gif
156,Stand_Dodge,Transitioning,https://cdn.meshy.ai/webapp-assets/feature-demo/animation/preview/biped/Stand_Dodge.gif
157,Stand_Dodge_1,Transitioning,https://cdn.meshy.ai/webapp-assets/feature-demo/animation/preview/biped/Stand_Dodge_1.gif
158,Roll_Dodge,Transitioning,https://cdn.meshy.ai/webapp-assets/feature-demo/animation/preview/biped/Roll_Dodge.gif
159,Roll_Dodge_1,Transitioning,https://cdn.meshy.ai/webapp-assets/feature-demo/animation/preview/biped/Roll_Dodge_1.gif
160,Roll_Dodge_2,Transitioning,https://cdn.meshy.ai/webapp-assets/feature-demo/animation/preview/biped/Roll_Dodge_2.gif
161,Roll_Dodge_3,Transitioning,https://cdn.meshy.ai/webapp-assets/feature-demo/animation/preview/biped/Roll_Dodge_3.gif
162,Stand_Dodge_2,Transitioning,https://cdn.meshy.ai/webapp-assets/feature-demo/animation/preview/biped/Stand_Dodge_2.gif
163,Roll_Dodge_4,Transitioning,https://cdn.meshy.ai/webapp-assets/feature-demo/animation/preview/biped/Roll_Dodge_4.gif
164,Stand_Dodge_3,Transitioning,https://cdn.meshy.ai/webapp-assets/feature-demo/animation/preview/biped/Stand_Dodge_3.gif
165,Kneeling_Reload,Transitioning,https://cdn.meshy.ai/webapp-assets/feature-demo/animation/preview/biped/Kneeling_Reload.gif
166,Running_Reload,Transitioning,https://cdn.meshy.ai/webapp-assets/feature-demo/animation/preview/biped/Running_Reload.gif
167,Slow_Walk_Reload,Transitioning,https://cdn.meshy.ai/webapp-assets/feature-demo/animation/preview/biped/Slow_Walk_Reload.gif
168,Prone_Reload,Transitioning,https://cdn.meshy.ai/webapp-assets/feature-demo/animation/preview/biped/Prone_Reload.gif
169,Forward_Reload_Subtle,Transitioning,https://cdn.meshy.ai/webapp-assets/feature-demo/animation/preview/biped/Forward_Reload_Subtle.gif
170,Standing_Reload,Transitioning,https://cdn.meshy.ai/webapp-assets/feature-demo/animation/preview/biped/Standing_Reload.gif
171,Hit_Reaction_to_Waist,Transitioning,https://cdn.meshy.ai/webapp-assets/feature-demo/animation/preview/biped/Hit_Reaction_to_Waist.gif
172,Electrocution_Reaction,GettingHit,https://cdn.meshy.ai/webapp-assets/feature-demo/animation/preview/biped/Electrocution_Reaction.gif
173,Slap_Reaction,GettingHit,https://cdn.meshy.ai/webapp-assets/feature-demo/animation/preview/biped/Slap_Reaction.gif
174,Face_Punch_Reaction,GettingHit,https://cdn.meshy.ai/webapp-assets/feature-demo/animation/preview/biped/Face_Punch_Reaction.gif
175,Face_Punch_Reaction_1,GettingHit,https://cdn.meshy.ai/webapp-assets/feature-demo/animation/preview/biped/Face_Punch_Reaction_1.gif
176,Face_Punch_Reaction_2,GettingHit,https://cdn.meshy.ai/webapp-assets/feature-demo/animation/preview/biped/Face_Punch_Reaction_2.gif
177,Gunshot_Reaction,GettingHit,https://cdn.meshy.ai/webapp-assets/feature-demo/animation/preview/biped/Gunshot_Reaction.gif
178,Hit_Reaction,GettingHit,https://cdn.meshy.ai/webapp-assets/feature-demo/animation/preview/biped/Hit_Reaction.gif
179,Hit_Reaction_1,GettingHit,https://cdn.meshy.ai/webapp-assets/feature-demo/animation/preview/biped/Hit_Reaction_1.gif
180,Shot_in_the_Back_and_Fall,GettingHit,https://cdn.meshy.ai/webapp-assets/feature-demo/animation/preview/biped/Shot_in_the_Back_and_Fall.gif
181,Electrocuted_Fall,Dying,https://cdn.meshy.ai/webapp-assets/feature-demo/animation/preview/biped/Electrocuted_Fall.gif
182,Shot_and_Blown_Back,Dying,https://cdn.meshy.ai/webapp-assets/feature-demo/animation/preview/biped/Shot_and_Blown_Back.gif
183,Shot_and_Fall_Backward,Dying,https://cdn.meshy.ai/webapp-assets/feature-demo/animation/preview/biped/Shot_and_Fall_Backward.gif
184,Shot_and_Fall_Forward,Dying,https://cdn.meshy.ai/webapp-assets/feature-demo/animation/preview/biped/Shot_and_Fall_Forward.gif
185,Shot_and_Slow_Fall_Backward,Dying,https://cdn.meshy.ai/webapp-assets/feature-demo/animation/preview/biped/Shot_and_Slow_Fall_Backward.gif
186,Strangled_and_Fall_Forward,Dying,https://cdn.meshy.ai/webapp-assets/feature-demo/animation/preview/biped/Strangled_and_Fall_Forward.gif
187,Knock_Down,Dying,https://cdn.meshy.ai/webapp-assets/feature-demo/animation/preview/biped/Knock_Down.gif
188,Fall_Dead_from_Abdominal_Injury,Dying,https://cdn.meshy.ai/webapp-assets/feature-demo/animation/preview/biped/Fall_Dead_from_Abdominal_Injury.gif
189,dying_backwards,Dying,https://cdn.meshy.ai/webapp-assets/feature-demo/animation/preview/biped/dying_backwards.gif
190,Knock_Down_1,Dying,https://cdn.meshy.ai/webapp-assets/feature-demo/animation/preview/biped/Knock_Down_1.gif
191,Left_Jab_from_Guard,Punching,https://cdn.meshy.ai/webapp-assets/feature-demo/animation/preview/biped/Left_Jab_from_Guard.gif
192,Right_Jab_from_Guard,Punching,https://cdn.meshy.ai/webapp-assets/feature-demo/animation/preview/biped/Right_Jab_from_Guard.gif
193,Left_Hook_from_Guard,Punching,https://cdn.meshy.ai/webapp-assets/feature-demo/animation/preview/biped/Left_Hook_from_Guard.gif
194,Right_Uppercut_from_Guard,Punching,https://cdn.meshy.ai/webapp-assets/feature-demo/animation/preview/biped/Right_Uppercut_from_Guard.gif
195,Right_Upper_Hook_from_Guard,Punching,https://cdn.meshy.ai/webapp-assets/feature-demo/animation/preview/biped/Right_Upper_Hook_from_Guard.gif
196,Left_Uppercut_from_Guard,Punching,https://cdn.meshy.ai/webapp-assets/feature-demo/animation/preview/biped/Left_Uppercut_from_Guard.gif
197,Left_Short_Hook_from_Guard,Punching,https://cdn.meshy.ai/webapp-assets/feature-demo/animation/preview/biped/Left_Short_Hook_from_Guard.gif
198,Punch_Combo,Punching,https://cdn.meshy.ai/webapp-assets/feature-demo/animation/preview/biped/Punch_Combo.gif
199,Weapon_Combo,Punching,https://cdn.meshy.ai/webapp-assets/feature-demo/animation/preview/biped/Weapon_Combo.gif
200,Punch_Combo_1,Punching,https://cdn.meshy.ai/webapp-assets/feature-demo/animation/preview/biped/Punch_Combo_1.gif
201,Punch_Combo_2,Punching,https://cdn.meshy.ai/webapp-assets/feature-demo/animation/preview/biped/Punch_Combo_2.gif
202,Weapon_Combo_1,Punching,https://cdn.meshy.ai/webapp-assets/feature-demo/animation/preview/biped/Weapon_Combo_1.gif
203,Punch_Combo_3,Punching,https://cdn.meshy.ai/webapp-assets/feature-demo/animation/preview/biped/Punch_Combo_3.gif
204,Punch_Combo_4,Punching,https://cdn.meshy.ai/webapp-assets/feature-demo/animation/preview/biped/Punch_Combo_4.gif
205,Punch_Combo_5,Punching,https://cdn.meshy.ai/webapp-assets/feature-demo/animation/preview/biped/Punch_Combo_5.gif
206,Spartan_Kick,Punching,https://cdn.meshy.ai/webapp-assets/feature-demo/animation/preview/biped/Spartan_Kick.gif
207,Roundhouse_Kick,Punching,https://cdn.meshy.ai/webapp-assets/feature-demo/animation/preview/biped/Roundhouse_Kick.gif
208,Lunge_Roundhouse_Kick,Punching,https://cdn.meshy.ai/webapp-assets/feature-demo/animation/preview/biped/Lunge_Roundhouse_Kick.gif
209,Boxing_Guard_Right_Straight_Kick,Punching,https://cdn.meshy.ai/webapp-assets/feature-demo/animation/preview/biped/Boxing_Guard_Right_Straight_Kick.gif
210,Boxing_Guard_Prep_Straight_Punch,Punching,https://cdn.meshy.ai/webapp-assets/feature-demo/animation/preview/biped/Boxing_Guard_Prep_Straight_Punch.gif
211,Boxing_Guard_Step_Knee_Strike,Punching,https://cdn.meshy.ai/webapp-assets/feature-demo/animation/preview/biped/Boxing_Guard_Step_Knee_Strike.gif
212,Elbow_Strike,Punching,https://cdn.meshy.ai/webapp-assets/feature-demo/animation/preview/biped/Elbow_Strike.gif
213,Leg_Sweep,Punching,https://cdn.meshy.ai/webapp-assets/feature-demo/animation/preview/biped/Leg_Sweep.gif
214,Punch_Forward_with_Both_Fists,Punching,https://cdn.meshy.ai/webapp-assets/feature-demo/animation/preview/biped/Punch_Forward_with_Both_Fists.gif
215,High_Kick,Punching,https://cdn.meshy.ai/webapp-assets/feature-demo/animation/preview/biped/High_Kick.gif
216,Lunge_Spin_Kick,Punching,https://cdn.meshy.ai/webapp-assets/feature-demo/animation/preview/biped/Lunge_Spin_Kick.gif
217,Sweeping_Kick,Punching,https://cdn.meshy.ai/webapp-assets/feature-demo/animation/preview/biped/Sweeping_Kick.gif
218,Step_in_High_Kick,Punching,https://cdn.meshy.ai/webapp-assets/feature-demo/animation/preview/biped/Step_in_High_Kick.gif
219,Right_Hand_Sword_Slash,Punching,https://cdn.meshy.ai/webapp-assets/feature-demo/animation/preview/biped/Right_Hand_Sword_Slash.gif
220,Shield_Push_Left,Punching,https://cdn.meshy.ai/webapp-assets/feature-demo/animation/preview/biped/Shield_Push_Left.gif
221,Charged_Upward_Slash,Punching,https://cdn.meshy.ai/webapp-assets/feature-demo/animation/preview/biped/Charged_Upward_Slash.gif
222,Draw_and_Shoot_from_Back,AttackingwithWeapon,https://cdn.meshy.ai/webapp-assets/feature-demo/animation/preview/biped/Draw_and_Shoot_from_Back.gif
223,Draw_and_Shoot_from_Back_1,AttackingwithWeapon,https://cdn.meshy.ai/webapp-assets/feature-demo/animation/preview/biped/Draw_and_Shoot_from_Back_1.gif
224,Archery_Shot,AttackingwithWeapon,https://cdn.meshy.ai/webapp-assets/feature-demo/animation/preview/biped/Archery_Shot.gif
225,Archery_Shot_1,AttackingwithWeapon,https://cdn.meshy.ai/webapp-assets/feature-demo/animation/preview/biped/Archery_Shot_1.gif
226,Archery_Shot_2,AttackingwithWeapon,https://cdn.meshy.ai/webapp-assets/feature-demo/animation/preview/biped/Archery_Shot_2.gif
227,Archery_Shot_3,AttackingwithWeapon,https://cdn.meshy.ai/webapp-assets/feature-demo/animation/preview/biped/Archery_Shot_3.gif
228,Walk_Forward_with_Bow_Aimed,AttackingwithWeapon,https://cdn.meshy.ai/webapp-assets/feature-demo/animation/preview/biped/Walk_Forward_with_Bow_Aimed.gif
229,Draw_and_Shoot_from_Back_2,AttackingwithWeapon,https://cdn.meshy.ai/webapp-assets/feature-demo/animation/preview/biped/Draw_and_Shoot_from_Back_2.gif
230,Walk_Backward_with_Bow_Aimed,AttackingwithWeapon,https://cdn.meshy.ai/webapp-assets/feature-demo/animation/preview/biped/Walk_Backward_with_Bow_Aimed.gif
231,Archery_Aim_with_Lateral_Scan,AttackingwithWeapon,https://cdn.meshy.ai/webapp-assets/feature-demo/animation/preview/biped/Archery_Aim_with_Lateral_Scan.gif
232,Cowboy_Quick_Draw_Shooting,AttackingwithWeapon,https://cdn.meshy.ai/webapp-assets/feature-demo/animation/preview/biped/Cowboy_Quick_Draw_Shooting.gif
233,Walk_Backward_While_Shooting,AttackingwithWeapon,https://cdn.meshy.ai/webapp-assets/feature-demo/animation/preview/biped/Walk_Backward_While_Shooting.gif
234,Walk_Forward_While_Shooting,AttackingwithWeapon,https://cdn.meshy.ai/webapp-assets/feature-demo/animation/preview/biped/Walk_Forward_While_Shooting.gif
235,Forward_Roll_and_Fire,AttackingwithWeapon,https://cdn.meshy.ai/webapp-assets/feature-demo/animation/preview/biped/Forward_Roll_and_Fire.gif
236,Draw_and_Shoot_Left,AttackingwithWeapon,https://cdn.meshy.ai/webapp-assets/feature-demo/animation/preview/biped/Draw_and_Shoot_Left.gif
237,Charged_Axe_Chop,AttackingwithWeapon,https://cdn.meshy.ai/webapp-assets/feature-demo/animation/preview/biped/Charged_Axe_Chop.gif
238,Axe_Spin_Attack,AttackingwithWeapon,https://cdn.meshy.ai/webapp-assets/feature-demo/animation/preview/biped/Axe_Spin_Attack.gif
239,Crouch_Pull_and_Throw,AttackingwithWeapon,https://cdn.meshy.ai/webapp-assets/feature-demo/animation/preview/biped/Crouch_Pull_and_Throw.gif
240,Thrust_Slash,AttackingwithWeapon,https://cdn.meshy.ai/webapp-assets/feature-demo/animation/preview/biped/Thrust_Slash.gif
241,Weapon_Combo_2,AttackingwithWeapon,https://cdn.meshy.ai/webapp-assets/feature-demo/animation/preview/biped/Weapon_Combo_2.gif
242,Charged_Slash,AttackingwithWeapon,https://cdn.meshy.ai/webapp-assets/feature-demo/animation/preview/biped/Charged_Slash.gif
243,Idle_3,Idle,https://cdn.meshy.ai/webapp-assets/feature-demo/animation/preview/biped/Idle_3.gif
244,Idle_4,Idle,https://cdn.meshy.ai/webapp-assets/feature-demo/animation/preview/biped/Idle_4.gif
245,Idle_5,Idle,https://cdn.meshy.ai/webapp-assets/feature-demo/animation/preview/biped/Idle_5.gif
246,Idle_6,Idle,https://cdn.meshy.ai/webapp-assets/feature-demo/animation/preview/biped/Idle_6.gif
247,Idle_7,Idle,https://cdn.meshy.ai/webapp-assets/feature-demo/animation/preview/biped/Idle_7.gif
248,Idle_8,Idle,https://cdn.meshy.ai/webapp-assets/feature-demo/animation/preview/biped/Idle_8.gif
249,Idle_9,Idle,https://cdn.meshy.ai/webapp-assets/feature-demo/animation/preview/biped/Idle_9.gif
250,Idle_10,Idle,https://cdn.meshy.ai/webapp-assets/feature-demo/animation/preview/biped/Idle_10.gif
251,Idle_11,Idle,https://cdn.meshy.ai/webapp-assets/feature-demo/animation/preview/biped/Idle_11.gif
252,Idle_12,Idle,https://cdn.meshy.ai/webapp-assets/feature-demo/animation/preview/biped/Idle_12.gif
253,Idle_13,Idle,https://cdn.meshy.ai/webapp-assets/feature-demo/animation/preview/biped/Idle_13.gif
254,Idle_14,Idle,https://cdn.meshy.ai/webapp-assets/feature-demo/animation/preview/biped/Idle_14.gif
255,Angry_Ground_Stomp,Idle,https://cdn.meshy.ai/webapp-assets/feature-demo/animation/preview/biped/Angry_Ground_Stomp.gif
256,Angry_Ground_Stomp_1,Idle,https://cdn.meshy.ai/webapp-assets/feature-demo/animation/preview/biped/Angry_Ground_Stomp_1.gif
257,Angry_Ground_Stomp_2,Idle,https://cdn.meshy.ai/webapp-assets/feature-demo/animation/preview/biped/Angry_Ground_Stomp_2.gif
258,CrouchLookAroundBow,Idle,https://cdn.meshy.ai/webapp-assets/feature-demo/animation/preview/biped/CrouchLookAroundBow.gif
259,Step_Forward_and_Push,Pushing,https://cdn.meshy.ai/webapp-assets/feature-demo/animation/preview/biped/Step_Forward_and_Push.gif
260,Push_Forward_and_Stop,Pushing,https://cdn.meshy.ai/webapp-assets/feature-demo/animation/preview/biped/Push_Forward_and_Stop.gif
261,Push_and_Walk_Forward,Pushing,https://cdn.meshy.ai/webapp-assets/feature-demo/animation/preview/biped/Push_and_Walk_Forward.gif
262,Crouch_and_Push_Forward,Pushing,https://cdn.meshy.ai/webapp-assets/feature-demo/animation/preview/biped/Crouch_and_Push_Forward.gif
263,Sleep_on_Desk,Sleeping,https://cdn.meshy.ai/webapp-assets/feature-demo/animation/preview/biped/Sleep_on_Desk.gif
264,Cough_While_Sleeping,Sleeping,https://cdn.meshy.ai/webapp-assets/feature-demo/animation/preview/biped/Cough_While_Sleeping.gif
265,Groan_Holding_Stomach_in_Sleep,Sleeping,https://cdn.meshy.ai/webapp-assets/feature-demo/animation/preview/biped/Groan_Holding_Stomach_in_Sleep.gif
266,Lie_Down_Hands_Spread,Sleeping,https://cdn.meshy.ai/webapp-assets/feature-demo/animation/preview/biped/Lie_Down_Hands_Spread.gif
267,Sleep_Normally,Sleeping,https://cdn.meshy.ai/webapp-assets/feature-demo/animation/preview/biped/Sleep_Normally.gif
268,Sit_and_Doze_Off,Sleeping,https://cdn.meshy.ai/webapp-assets/feature-demo/animation/preview/biped/Sit_and_Doze_Off.gif
269,sleep,Sleeping,https://cdn.meshy.ai/webapp-assets/feature-demo/animation/preview/biped/sleep.gif
270,Toss_and_Turn,Sleeping,https://cdn.meshy.ai/webapp-assets/feature-demo/animation/preview/biped/Toss_and_Turn.gif
271,Wake_Up_and_Look_Up,Sleeping,https://cdn.meshy.ai/webapp-assets/feature-demo/animation/preview/biped/Wake_Up_and_Look_Up.gif
272,Lie_on_Chair_Sunbathe_and_Sleep,Sleeping,https://cdn.meshy.ai/webapp-assets/feature-demo/animation/preview/biped/Lie_on_Chair_Sunbathe_and_Sleep.gif
273,Male_Run_Forward_Pick_Up_Left,PickingUpItem,https://cdn.meshy.ai/webapp-assets/feature-demo/animation/preview/biped/Male_Run_Forward_Pick_Up_Left.gif
274,Female_Crouch_Pick_Up_Place_Side,PickingUpItem,https://cdn.meshy.ai/webapp-assets/feature-demo/animation/preview/biped/Female_Crouch_Pick_Up_Place_Side.gif
275,Female_Run_Forward_Pick_Up_Right,PickingUpItem,https://cdn.meshy.ai/webapp-assets/feature-demo/animation/preview/biped/Female_Run_Forward_Pick_Up_Right.gif
276,Male_Bend_Over_Pick_Up,PickingUpItem,https://cdn.meshy.ai/webapp-assets/feature-demo/animation/preview/biped/Male_Bend_Over_Pick_Up.gif
277,Female_Crouch_Pick_Fruit_Basket_Stand,PickingUpItem,https://cdn.meshy.ai/webapp-assets/feature-demo/animation/preview/biped/Female_Crouch_Pick_Fruit_Basket_Stand.gif
278,Female_Stand_Pick_Fruit_Basket,PickingUpItem,https://cdn.meshy.ai/webapp-assets/feature-demo/animation/preview/biped/Female_Stand_Pick_Fruit_Basket.gif
279,Female_Crouch_Pick_Gun_Point_Forward,PickingUpItem,https://cdn.meshy.ai/webapp-assets/feature-demo/animation/preview/biped/Female_Crouch_Pick_Gun_Point_Forward.gif
280,Female_Crouch_Pick_Throw_Forward,PickingUpItem,https://cdn.meshy.ai/webapp-assets/feature-demo/animation/preview/biped/Female_Crouch_Pick_Throw_Forward.gif
281,Female_Bend_Over_Pick_Up_Inspect,PickingUpItem,https://cdn.meshy.ai/webapp-assets/feature-demo/animation/preview/biped/Female_Bend_Over_Pick_Up_Inspect.gif
282,Female_Walk_Pick_Put_In_Pocket,PickingUpItem,https://cdn.meshy.ai/webapp-assets/feature-demo/animation/preview/biped/Female_Walk_Pick_Put_In_Pocket.gif
283,Pull_Radish,PickingUpItem,https://cdn.meshy.ai/webapp-assets/feature-demo/animation/preview/biped/Pull_Radish.gif
284,Collect_Object,PickingUpItem,https://cdn.meshy.ai/webapp-assets/feature-demo/animation/preview/biped/Collect_Object.gif
285,open_door,Interacting,https://cdn.meshy.ai/webapp-assets/feature-demo/animation/preview/biped/open_door.gif
286,open_door_1,Interacting,https://cdn.meshy.ai/webapp-assets/feature-demo/animation/preview/biped/open_door_1.gif
287,open_door_2,Interacting,https://cdn.meshy.ai/webapp-assets/feature-demo/animation/preview/biped/open_door_2.gif
288,open_door_3,Interacting,https://cdn.meshy.ai/webapp-assets/feature-demo/animation/preview/biped/open_door_3.gif
289,open_door_4,Interacting,https://cdn.meshy.ai/webapp-assets/feature-demo/animation/preview/biped/open_door_4.gif
290,Wave_One_Hand,Interacting,https://cdn.meshy.ai/webapp-assets/feature-demo/animation/preview/biped/Wave_One_Hand.gif
291,Wave_for_Help,Interacting,https://cdn.meshy.ai/webapp-assets/feature-demo/animation/preview/biped/Wave_for_Help.gif
292,Gesture_with_Hand_on_Gun,Interacting,https://cdn.meshy.ai/webapp-assets/feature-demo/animation/preview/biped/Gesture_with_Hand_on_Gun.gif
293,Wave_for_Help_1,Interacting,https://cdn.meshy.ai/webapp-assets/feature-demo/animation/preview/biped/Wave_for_Help_1.gif
294,Wave_for_Help_2,Interacting,https://cdn.meshy.ai/webapp-assets/feature-demo/animation/preview/biped/Wave_for_Help_2.gif
295,Wave_for_Help_3,Interacting,https://cdn.meshy.ai/webapp-assets/feature-demo/animation/preview/biped/Wave_for_Help_3.gif
296,Wave_for_Help_4,Interacting,https://cdn.meshy.ai/webapp-assets/feature-demo/animation/preview/biped/Wave_for_Help_4.gif
297,Personalized_Gesture,Interacting,https://cdn.meshy.ai/webapp-assets/feature-demo/animation/preview/biped/Personalized_Gesture.gif
298,Cheer_with_Both_Hands_Up,Interacting,https://cdn.meshy.ai/webapp-assets/feature-demo/animation/preview/biped/Cheer_with_Both_Hands_Up.gif
299,Stand_Clap_and_Sit_Down,Interacting,https://cdn.meshy.ai/webapp-assets/feature-demo/animation/preview/biped/Stand_Clap_and_Sit_Down.gif
300,Sit_Cheer_with_Left_Hand,Interacting,https://cdn.meshy.ai/webapp-assets/feature-demo/animation/preview/biped/Sit_Cheer_with_Left_Hand.gif
301,Cheer_with_Both_Hands_1,Interacting,https://cdn.meshy.ai/webapp-assets/feature-demo/animation/preview/biped/Cheer_with_Both_Hands_1.gif
302,Stand_Wave_and_Sit_Down,Interacting,https://cdn.meshy.ai/webapp-assets/feature-demo/animation/preview/biped/Stand_Wave_and_Sit_Down.gif
303,Cheer_with_Both_Hands,Interacting,https://cdn.meshy.ai/webapp-assets/feature-demo/animation/preview/biped/Cheer_with_Both_Hands.gif
304,Seated_Fist_Pump,Interacting,https://cdn.meshy.ai/webapp-assets/feature-demo/animation/preview/biped/Seated_Fist_Pump.gif
305,Stand_Cheer_and_Sit_Down,Interacting,https://cdn.meshy.ai/webapp-assets/feature-demo/animation/preview/biped/Stand_Cheer_and_Sit_Down.gif
306,Cheer_with_One_Hand_Up,Interacting,https://cdn.meshy.ai/webapp-assets/feature-demo/animation/preview/biped/Cheer_with_One_Hand_Up.gif
307,Sitting_Answering_Questions,Interacting,https://cdn.meshy.ai/webapp-assets/feature-demo/animation/preview/biped/Sitting_Answering_Questions.gif
308,Talk_Passionately,Interacting,https://cdn.meshy.ai/webapp-assets/feature-demo/animation/preview/biped/Talk_Passionately.gif
309,Talk_with_Left_Hand_on_Hip,Interacting,https://cdn.meshy.ai/webapp-assets/feature-demo/animation/preview/biped/Talk_with_Left_Hand_on_Hip.gif
310,Talk_with_Left_Hand_Raised,Interacting,https://cdn.meshy.ai/webapp-assets/feature-demo/animation/preview/biped/Talk_with_Left_Hand_Raised.gif
311,Stand_Talking_Angry,Interacting,https://cdn.meshy.ai/webapp-assets/feature-demo/animation/preview/biped/Stand_Talking_Angry.gif
312,Phone_Conversation,Interacting,https://cdn.meshy.ai/webapp-assets/feature-demo/animation/preview/biped/Phone_Conversation.gif
313,Talk_with_Hands_Open,Interacting,https://cdn.meshy.ai/webapp-assets/feature-demo/animation/preview/biped/Talk_with_Hands_Open.gif
314,Talk_with_Right_Hand_Open,Interacting,https://cdn.meshy.ai/webapp-assets/feature-demo/animation/preview/biped/Talk_with_Right_Hand_Open.gif
315,Hand_on_Hip_Gesture,Interacting,https://cdn.meshy.ai/webapp-assets/feature-demo/animation/preview/biped/Hand_on_Hip_Gesture.gif
316,Headache_Relief,Interacting,https://cdn.meshy.ai/webapp-assets/feature-demo/animation/preview/biped/Headache_Relief.gif
317,Shrug,Interacting,https://cdn.meshy.ai/webapp-assets/feature-demo/animation/preview/biped/Shrug.gif
318,Scheming_Hand_Rub,Interacting,https://cdn.meshy.ai/webapp-assets/feature-demo/animation/preview/biped/Scheming_Hand_Rub.gif
319,air_squat,WorkingOut,https://cdn.meshy.ai/webapp-assets/feature-demo/animation/preview/biped/air_squat.gif
320,bicep_curl,WorkingOut,https://cdn.meshy.ai/webapp-assets/feature-demo/animation/preview/biped/bicep_curl.gif
321,bicycle_crunch,WorkingOut,https://cdn.meshy.ai/webapp-assets/feature-demo/animation/preview/biped/bicycle_crunch.gif
322,circle_crunch,WorkingOut,https://cdn.meshy.ai/webapp-assets/feature-demo/animation/preview/biped/circle_crunch.gif
323,golf_drive,WorkingOut,https://cdn.meshy.ai/webapp-assets/feature-demo/animation/preview/biped/golf_drive.gif
324,idle_to_push_up,WorkingOut,https://cdn.meshy.ai/webapp-assets/feature-demo/animation/preview/biped/idle_to_push_up.gif
325,jump_push_up,WorkingOut,https://cdn.meshy.ai/webapp-assets/feature-demo/animation/preview/biped/jump_push_up.gif
326,jumping_jacks,WorkingOut,https://cdn.meshy.ai/webapp-assets/feature-demo/animation/preview/biped/jumping_jacks.gif
327,kettlebell_swing,WorkingOut,https://cdn.meshy.ai/webapp-assets/feature-demo/animation/preview/biped/kettlebell_swing.gif
328,push_up_to_idle,WorkingOut,https://cdn.meshy.ai/webapp-assets/feature-demo/animation/preview/biped/push_up_to_idle.gif
329,push_up,WorkingOut,https://cdn.meshy.ai/webapp-assets/feature-demo/animation/preview/biped/push_up.gif
330,situps,WorkingOut,https://cdn.meshy.ai/webapp-assets/feature-demo/animation/preview/biped/situps.gif
331,Sumo_High_Pull,WorkingOut,https://cdn.meshy.ai/webapp-assets/feature-demo/animation/preview/biped/Sumo_High_Pull.gif
333,Look_Around_Dumbfounded,LookingAround,https://cdn.meshy.ai/webapp-assets/feature-demo/animation/preview/biped/Look_Around_Dumbfounded.gif
334,Lower_Weapon_Look_Raise,LookingAround,https://cdn.meshy.ai/webapp-assets/feature-demo/animation/preview/biped/Lower_Weapon_Look_Raise.gif
335,Axe_Breathe_and_Look_Around,LookingAround,https://cdn.meshy.ai/webapp-assets/feature-demo/animation/preview/biped/Axe_Breathe_and_Look_Around.gif
336,Long_Breathe_and_Look_Around,LookingAround,https://cdn.meshy.ai/webapp-assets/feature-demo/animation/preview/biped/Long_Breathe_and_Look_Around.gif
337,Torch_Look_Around,LookingAround,https://cdn.meshy.ai/webapp-assets/feature-demo/animation/preview/biped/Torch_Look_Around.gif
338,Short_Breathe_and_Look_Around,LookingAround,https://cdn.meshy.ai/webapp-assets/feature-demo/animation/preview/biped/Short_Breathe_and_Look_Around.gif
339,Walking_Scan_with_Sudden_Look_Back,LookingAround,https://cdn.meshy.ai/webapp-assets/feature-demo/animation/preview/biped/Walking_Scan_with_Sudden_Look_Back.gif
340,Crawl_and_Look_Back,LookingAround,https://cdn.meshy.ai/webapp-assets/feature-demo/animation/preview/biped/Crawl_and_Look_Back.gif
341,Walk_Slowly_and_Look_Around,LookingAround,https://cdn.meshy.ai/webapp-assets/feature-demo/animation/preview/biped/Walk_Slowly_and_Look_Around.gif
342,Stand_and_Drink,Drinking,https://cdn.meshy.ai/webapp-assets/feature-demo/animation/preview/biped/Stand_and_Drink.gif
343,Sit_and_Drink,Drinking,https://cdn.meshy.ai/webapp-assets/feature-demo/animation/preview/biped/Sit_and_Drink.gif
344,Stand_Up1,Transitioning,https://cdn.meshy.ai/webapp-assets/feature-demo/animation/preview/biped/Stand_Up1.gif
345,Stand_Up2,Transitioning,https://cdn.meshy.ai/webapp-assets/feature-demo/animation/preview/biped/Stand_Up2.gif
346,Stand_Up3,Transitioning,https://cdn.meshy.ai/webapp-assets/feature-demo/animation/preview/biped/Stand_Up3.gif
347,Stand_Up4,Transitioning,https://cdn.meshy.ai/webapp-assets/feature-demo/animation/preview/biped/Stand_Up4.gif
348,Stand_Up5,Transitioning,https://cdn.meshy.ai/webapp-assets/feature-demo/animation/preview/biped/Stand_Up5.gif
349,Stand_Up6,Transitioning,https://cdn.meshy.ai/webapp-assets/feature-demo/animation/preview/biped/Stand_Up6.gif
350,Stand_Up7,Transitioning,https://cdn.meshy.ai/webapp-assets/feature-demo/animation/preview/biped/Stand_Up7.gif
351,Stand_Up8,Transitioning,https://cdn.meshy.ai/webapp-assets/feature-demo/animation/preview/biped/Stand_Up8.gif
352,Stand_Up9,Transitioning,https://cdn.meshy.ai/webapp-assets/feature-demo/animation/preview/biped/Stand_Up9.gif
353,Stand_Up10,Transitioning,https://cdn.meshy.ai/webapp-assets/feature-demo/animation/preview/biped/Stand_Up10.gif
354,Sitting_Clap,Transitioning,https://cdn.meshy.ai/webapp-assets/feature-demo/animation/preview/biped/Sitting_Clap.gif
355,Sit_Finger_Wag_No,Transitioning,https://cdn.meshy.ai/webapp-assets/feature-demo/animation/preview/biped/Sit_Finger_Wag_No.gif
356,Sit_Hands_on_Head_Lean_Back,Transitioning,https://cdn.meshy.ai/webapp-assets/feature-demo/animation/preview/biped/Sit_Hands_on_Head_Lean_Back.gif
357,Sit_Thumbs_Up_Right,Transitioning,https://cdn.meshy.ai/webapp-assets/feature-demo/animation/preview/biped/Sit_Thumbs_Up_Right.gif
358,Sit_Shout_Hands_on_Mouth,Transitioning,https://cdn.meshy.ai/webapp-assets/feature-demo/animation/preview/biped/Sit_Shout_Hands_on_Mouth.gif
359,Look_Back_and_Sit,Transitioning,https://cdn.meshy.ai/webapp-assets/feature-demo/animation/preview/biped/Look_Back_and_Sit.gif
360,Sit_to_standTransition_Female_2,Transitioning,https://cdn.meshy.ai/webapp-assets/feature-demo/animation/preview/biped/Sit_to_standTransition_Female_2.gif
361,Sit_Dodge,Transitioning,https://cdn.meshy.ai/webapp-assets/feature-demo/animation/preview/biped/Sit_Dodge.gif
362,Sit_Cross_Legged,Transitioning,https://cdn.meshy.ai/webapp-assets/feature-demo/animation/preview/biped/Sit_Cross_Legged.gif
363,Sit_Cross_Legged_on_Floor,Transitioning,https://cdn.meshy.ai/webapp-assets/feature-demo/animation/preview/biped/Sit_Cross_Legged_on_Floor.gif
364,Sit_on_Chair_Arms_Crossed,Transitioning,https://cdn.meshy.ai/webapp-assets/feature-demo/animation/preview/biped/Sit_on_Chair_Arms_Crossed.gif
365,Kneel_on_One_Knee_and_Stand,Transitioning,https://cdn.meshy.ai/webapp-assets/feature-demo/animation/preview/biped/Kneel_on_One_Knee_and_Stand.gif
366,falling_down,Transitioning,https://cdn.meshy.ai/webapp-assets/feature-demo/animation/preview/biped/falling_down.gif
367,SideLying_Reach_Help,Transitioning,https://cdn.meshy.ai/webapp-assets/feature-demo/animation/preview/biped/SideLying_Reach_Help.gif
368,Angry_To_Tantrum_Sit,Transitioning,https://cdn.meshy.ai/webapp-assets/feature-demo/animation/preview/biped/Angry_To_Tantrum_Sit.gif
369,Lie_Back_Leg_Swing,Transitioning,https://cdn.meshy.ai/webapp-assets/feature-demo/animation/preview/biped/Lie_Back_Leg_Swing.gif
370,Stand_To_Side_Lying,Transitioning,https://cdn.meshy.ai/webapp-assets/feature-demo/animation/preview/biped/Stand_To_Side_Lying.gif
371,Sit_Lie_Bed,Transitioning,https://cdn.meshy.ai/webapp-assets/feature-demo/animation/preview/biped/Sit_Lie_Bed.gif
372,Prone_Reach_Help,Transitioning,https://cdn.meshy.ai/webapp-assets/feature-demo/animation/preview/biped/Prone_Reach_Help.gif
375,Handstand_Flip,Acting,https://cdn.meshy.ai/webapp-assets/feature-demo/animation/preview/biped/Handstand_Flip.gif
376,Punch_Pose,Acting,https://cdn.meshy.ai/webapp-assets/feature-demo/animation/preview/biped/Punch_Pose.gif
377,Relax_arms_then_strike_battle_pose,Acting,https://cdn.meshy.ai/webapp-assets/feature-demo/animation/preview/biped/Relax_arms_then_strike_battle_pose.gif
378,Large_step_then_high_kick,Acting,https://cdn.meshy.ai/webapp-assets/feature-demo/animation/preview/biped/Large_step_then_high_kick.gif
379,Side_jumps_in_horse_stance,Acting,https://cdn.meshy.ai/webapp-assets/feature-demo/animation/preview/biped/Side_jumps_in_horse_stance.gif
381,Step_Right_for_Exercise,Acting,https://cdn.meshy.ai/webapp-assets/feature-demo/animation/preview/biped/Step_Right_for_Exercise.gif
382,Jump_and_Slam_Back_Down,Acting,https://cdn.meshy.ai/webapp-assets/feature-demo/animation/preview/biped/Jump_and_Slam_Back_Down.gif
384,Quick_Step_and_Spin_Dodge,Acting,https://cdn.meshy.ai/webapp-assets/feature-demo/animation/preview/biped/Quick_Step_and_Spin_Dodge.gif
385,Boxing_Warmup,Acting,https://cdn.meshy.ai/webapp-assets/feature-demo/animation/preview/biped/Boxing_Warmup.gif
386,Zombie_Scream,Acting,https://cdn.meshy.ai/webapp-assets/feature-demo/animation/preview/biped/Zombie_Scream.gif
387,Half_Squat_with_Thumb_Up,Acting,https://cdn.meshy.ai/webapp-assets/feature-demo/animation/preview/biped/Half_Squat_with_Thumb_Up.gif
388,Show_Both_Arm_Muscles,Acting,https://cdn.meshy.ai/webapp-assets/feature-demo/animation/preview/biped/Show_Both_Arm_Muscles.gif
389,Grip_and_Throw_Down,Acting,https://cdn.meshy.ai/webapp-assets/feature-demo/animation/preview/biped/Grip_and_Throw_Down.gif
390,Stand_on_Pole_and_Balance,Acting,https://cdn.meshy.ai/webapp-assets/feature-demo/animation/preview/biped/Stand_on_Pole_and_Balance.gif
391,Head_Hold_in_Pain,Acting,https://cdn.meshy.ai/webapp-assets/feature-demo/animation/preview/biped/Head_Hold_in_Pain.gif
392,Ground_Flip_and_Sweep_Up,Acting,https://cdn.meshy.ai/webapp-assets/feature-demo/animation/preview/biped/Ground_Flip_and_Sweep_Up.gif
393,baseball_pitching,Acting,https://cdn.meshy.ai/webapp-assets/feature-demo/animation/preview/biped/baseball_pitching.gif
394,Backflip_and_Hooks,Acting,https://cdn.meshy.ai/webapp-assets/feature-demo/animation/preview/biped/Backflip_and_Hooks.gif
395,Breakdance_1990,Acting,https://cdn.meshy.ai/webapp-assets/feature-demo/animation/preview/biped/Breakdance_1990.gif
396,Burpee_Exercise,Acting,https://cdn.meshy.ai/webapp-assets/feature-demo/animation/preview/biped/Burpee_Exercise.gif
397,360_Power_Spin_Jump,Acting,https://cdn.meshy.ai/webapp-assets/feature-demo/animation/preview/biped/360_Power_Spin_Jump.gif
398,Crouch_Charge_and_Throw,Acting,https://cdn.meshy.ai/webapp-assets/feature-demo/animation/preview/biped/Crouch_Charge_and_Throw.gif
399,Step_Step_Turn_Kick,Acting,https://cdn.meshy.ai/webapp-assets/feature-demo/animation/preview/biped/Step_Step_Turn_Kick.gif
401,Sprint_Roll_and_Flip,Acting,https://cdn.meshy.ai/webapp-assets/feature-demo/animation/preview/biped/Sprint_Roll_and_Flip.gif
402,Run_and_Leap,Acting,https://cdn.meshy.ai/webapp-assets/feature-demo/animation/preview/biped/Run_and_Leap.gif
403,Victory_Fist_Pump,Acting,https://cdn.meshy.ai/webapp-assets/feature-demo/animation/preview/biped/Victory_Fist_Pump.gif
404,Crouch_and_Step_Back,Acting,https://cdn.meshy.ai/webapp-assets/feature-demo/animation/preview/biped/Crouch_and_Step_Back.gif
405,Joyful_Dance_with_Hand_Sway,Acting,https://cdn.meshy.ai/webapp-assets/feature-demo/animation/preview/biped/Joyful_Dance_with_Hand_Sway.gif
406,Thomas_Flair_to_Jump_Up,Acting,https://cdn.meshy.ai/webapp-assets/feature-demo/animation/preview/biped/Thomas_Flair_to_Jump_Up.gif
407,Wall_Push_Jump_and_Flip,Acting,https://cdn.meshy.ai/webapp-assets/feature-demo/animation/preview/biped/Wall_Push_Jump_and_Flip.gif
408,Jazz_Hands,Acting,https://cdn.meshy.ai/webapp-assets/feature-demo/animation/preview/biped/Jazz_Hands.gif
409,Finger_Wag_No,Acting,https://cdn.meshy.ai/webapp-assets/feature-demo/animation/preview/biped/Finger_Wag_No.gif
410,Kick_a_Soccer_Ball,Acting,https://cdn.meshy.ai/webapp-assets/feature-demo/animation/preview/biped/Kick_a_Soccer_Ball.gif
411,Neck_Slashing_Gesture,Acting,https://cdn.meshy.ai/webapp-assets/feature-demo/animation/preview/biped/Neck_Slashing_Gesture.gif
412,victory,Acting,https://cdn.meshy.ai/webapp-assets/feature-demo/animation/preview/biped/victory.gif
413,Backflip_and_Rise,Acting,https://cdn.meshy.ai/webapp-assets/feature-demo/animation/preview/biped/Backflip_and_Rise.gif
414,Double_kick_forward,Acting,https://cdn.meshy.ai/webapp-assets/feature-demo/animation/preview/biped/Double_kick_forward.gif
415,Happy_Sway_Standing,Acting,https://cdn.meshy.ai/webapp-assets/feature-demo/animation/preview/biped/Happy_Sway_Standing.gif
416,Hit_in_Back_While_Running,Acting,https://cdn.meshy.ai/webapp-assets/feature-demo/animation/preview/biped/Hit_in_Back_While_Running.gif
417,Hop_with_Arms_Raised,Acting,https://cdn.meshy.ai/webapp-assets/feature-demo/animation/preview/biped/Hop_with_Arms_Raised.gif
419,Jump_to_Catch_and_Fall,Acting,https://cdn.meshy.ai/webapp-assets/feature-demo/animation/preview/biped/Jump_to_Catch_and_Fall.gif
420,Left_Hand_Bitten_Step_Back,Acting,https://cdn.meshy.ai/webapp-assets/feature-demo/animation/preview/biped/Left_Hand_Bitten_Step_Back.gif
421,Over_Shoulder_Throw,Acting,https://cdn.meshy.ai/webapp-assets/feature-demo/animation/preview/biped/Over_Shoulder_Throw.gif
422,Rising_Flying_Kick,Acting,https://cdn.meshy.ai/webapp-assets/feature-demo/animation/preview/biped/Rising_Flying_Kick.gif
425,Vault_with_Rifle,VaultingOverObstacle,https://cdn.meshy.ai/webapp-assets/feature-demo/animation/preview/biped/Vault_with_Rifle.gif
426,Roll_Behind_Cover,VaultingOverObstacle,https://cdn.meshy.ai/webapp-assets/feature-demo/animation/preview/biped/Roll_Behind_Cover.gif
427,Vault_and_Land,VaultingOverObstacle,https://cdn.meshy.ai/webapp-assets/feature-demo/animation/preview/biped/Vault_and_Land.gif
428,Unarmed_Vault,VaultingOverObstacle,https://cdn.meshy.ai/webapp-assets/feature-demo/animation/preview/biped/Unarmed_Vault.gif
429,Parkour_Vault,VaultingOverObstacle,https://cdn.meshy.ai/webapp-assets/feature-demo/animation/preview/biped/Parkour_Vault.gif
430,Parkour_Vault_with_Roll,VaultingOverObstacle,https://cdn.meshy.ai/webapp-assets/feature-demo/animation/preview/biped/Parkour_Vault_with_Roll.gif
431,Parkour_Vault_1,VaultingOverObstacle,https://cdn.meshy.ai/webapp-assets/feature-demo/animation/preview/biped/Parkour_Vault_1.gif
432,Parkour_Vault_2,VaultingOverObstacle,https://cdn.meshy.ai/webapp-assets/feature-demo/animation/preview/biped/Parkour_Vault_2.gif
433,Parkour_Vault_3,VaultingOverObstacle,https://cdn.meshy.ai/webapp-assets/feature-demo/animation/preview/biped/Parkour_Vault_3.gif
434,Fast_Ladder_Climb,Climbing,https://cdn.meshy.ai/webapp-assets/feature-demo/animation/preview/biped/Fast_Ladder_Climb.gif
435,Ladder_Climb_Finish,Climbing,https://cdn.meshy.ai/webapp-assets/feature-demo/animation/preview/biped/Ladder_Climb_Finish.gif
436,Ladder_Mount_Start,Climbing,https://cdn.meshy.ai/webapp-assets/feature-demo/animation/preview/biped/Ladder_Mount_Start.gif
437,Slow_Ladder_Climb,Climbing,https://cdn.meshy.ai/webapp-assets/feature-demo/animation/preview/biped/Slow_Ladder_Climb.gif
438,Ladder_Climb_Loop,Climbing,https://cdn.meshy.ai/webapp-assets/feature-demo/animation/preview/biped/Ladder_Climb_Loop.gif
439,Climb_Left_with_Both_Limbs,Climbing,https://cdn.meshy.ai/webapp-assets/feature-demo/animation/preview/biped/Climb_Left_with_Both_Limbs.gif
440,Climb_Right_with_Both_Limbs,Climbing,https://cdn.meshy.ai/webapp-assets/feature-demo/animation/preview/biped/Climb_Right_with_Both_Limbs.gif
441,Climb_Stairs,Climbing,https://cdn.meshy.ai/webapp-assets/feature-demo/animation/preview/biped/Climb_Stairs.gif
442,Fast_Stair_Climb,Climbing,https://cdn.meshy.ai/webapp-assets/feature-demo/animation/preview/biped/Fast_Stair_Climb.gif
444,climbing_up_wall,Climbing,https://cdn.meshy.ai/webapp-assets/feature-demo/animation/preview/biped/climbing_up_wall.gif
445,diagonal_wall_run,Climbing,https://cdn.meshy.ai/webapp-assets/feature-demo/animation/preview/biped/diagonal_wall_run.gif
446,Hang_and_Climb_Left,Climbing,https://cdn.meshy.ai/webapp-assets/feature-demo/animation/preview/biped/Hang_and_Climb_Left.gif
447,Hang_and_Climb_Rght,Climbing,https://cdn.meshy.ai/webapp-assets/feature-demo/animation/preview/biped/Hang_and_Climb_Rght.gif
448,Jump_and_Grab_Wall,Climbing,https://cdn.meshy.ai/webapp-assets/feature-demo/animation/preview/biped/Jump_and_Grab_Wall.gif
449,Climb_Up_Rope,Climbing,https://cdn.meshy.ai/webapp-assets/feature-demo/animation/preview/biped/Climb_Up_Rope.gif
450,Wall_Flip,PerformingStunt,https://cdn.meshy.ai/webapp-assets/feature-demo/animation/preview/biped/Wall_Flip.gif
451,One_Arm_Handstand,PerformingStunt,https://cdn.meshy.ai/webapp-assets/feature-demo/animation/preview/biped/One_Arm_Handstand.gif
452,Backflip,PerformingStunt,https://cdn.meshy.ai/webapp-assets/feature-demo/animation/preview/biped/Backflip.gif
453,Backflip_Sweep_Kick,PerformingStunt,https://cdn.meshy.ai/webapp-assets/feature-demo/animation/preview/biped/Backflip_Sweep_Kick.gif
455,Sweep_Kick,PerformingStunt,https://cdn.meshy.ai/webapp-assets/feature-demo/animation/preview/biped/Sweep_Kick.gif
456,Jumping_Head_Scissor_Takedown,PerformingStunt,https://cdn.meshy.ai/webapp-assets/feature-demo/animation/preview/biped/Jumping_Head_Scissor_Takedown.gif
457,Jumping_Punch,PerformingStunt,https://cdn.meshy.ai/webapp-assets/feature-demo/animation/preview/biped/Jumping_Punch.gif
458,Unicycle_Jump_Dismount,PerformingStunt,https://cdn.meshy.ai/webapp-assets/feature-demo/animation/preview/biped/Unicycle_Jump_Dismount.gif
459,Run_Jump_and_Roll,PerformingStunt,https://cdn.meshy.ai/webapp-assets/feature-demo/animation/preview/biped/Run_Jump_and_Roll.gif
460,Jump_with_Arms_Open,Jumping,https://cdn.meshy.ai/webapp-assets/feature-demo/animation/preview/biped/Jump_with_Arms_Open.gif
461,Jump_with_Arms_and_Legs_Open,Jumping,https://cdn.meshy.ai/webapp-assets/feature-demo/animation/preview/biped/Jump_with_Arms_and_Legs_Open.gif
462,Backflip_Jump,Jumping,https://cdn.meshy.ai/webapp-assets/feature-demo/animation/preview/biped/Backflip_Jump.gif
463,Run_and_Jump,Jumping,https://cdn.meshy.ai/webapp-assets/feature-demo/animation/preview/biped/Run_and_Jump.gif
464,Leap_and_Punch,Jumping,https://cdn.meshy.ai/webapp-assets/feature-demo/animation/preview/biped/Leap_and_Punch.gif
465,Leap_Right_and_Catch,Jumping,https://cdn.meshy.ai/webapp-assets/feature-demo/animation/preview/biped/Leap_Right_and_Catch.gif
466,Regular_Jump,Jumping,https://cdn.meshy.ai/webapp-assets/feature-demo/animation/preview/biped/Regular_Jump.gif
467,Jump_Over_Obstacle_2,Jumping,https://cdn.meshy.ai/webapp-assets/feature-demo/animation/preview/biped/Jump_Over_Obstacle_2.gif
468,Back_Jump,Jumping,https://cdn.meshy.ai/webapp-assets/feature-demo/animation/preview/biped/Back_Jump.gif
470,Jumping_Down,Jumping,https://cdn.meshy.ai/webapp-assets/feature-demo/animation/preview/biped/Jumping_Down.gif
471,Jump_Over_Obstacle,Jumping,https://cdn.meshy.ai/webapp-assets/feature-demo/animation/preview/biped/Jump_Over_Obstacle.gif
472,Jump_Over_Obstacle_1,Jumping,https://cdn.meshy.ai/webapp-assets/feature-demo/animation/preview/biped/Jump_Over_Obstacle_1.gif
473,Quad_Jump_Left,HangingfromLedge,https://cdn.meshy.ai/webapp-assets/feature-demo/animation/preview/biped/Quad_Jump_Left.gif
474,Quad_Jump_Up,HangingfromLedge,https://cdn.meshy.ai/webapp-assets/feature-demo/animation/preview/biped/Quad_Jump_Up.gif
475,Quad_Climb_Right,HangingfromLedge,https://cdn.meshy.ai/webapp-assets/feature-demo/animation/preview/biped/Quad_Climb_Right.gif
476,Hang_and_Push_with_Foot,HangingfromLedge,https://cdn.meshy.ai/webapp-assets/feature-demo/animation/preview/biped/Hang_and_Push_with_Foot.gif
477,Rope_Hang_Idle,HangingfromLedge,https://cdn.meshy.ai/webapp-assets/feature-demo/animation/preview/biped/Rope_Hang_Idle.gif
478,Bar_Hang_Idle,HangingfromLedge,https://cdn.meshy.ai/webapp-assets/feature-demo/animation/preview/biped/Bar_Hang_Idle.gif
479,Upside_Down_Rope_Hang,HangingfromLedge,https://cdn.meshy.ai/webapp-assets/feature-demo/animation/preview/biped/Upside_Down_Rope_Hang.gif
480,Upside_Down_Rope_Hang_1,HangingfromLedge,https://cdn.meshy.ai/webapp-assets/feature-demo/animation/preview/biped/Upside_Down_Rope_Hang_1.gif
481,Upside_Down_Rope_Hang_2,HangingfromLedge,https://cdn.meshy.ai/webapp-assets/feature-demo/animation/preview/biped/Upside_Down_Rope_Hang_2.gif
482,Grab_Wall_Midair_Idle,HangingfromLedge,https://cdn.meshy.ai/webapp-assets/feature-demo/animation/preview/biped/Grab_Wall_Midair_Idle.gif
483,Slow_Bar_Hang_Left,HangingfromLedge,https://cdn.meshy.ai/webapp-assets/feature-demo/animation/preview/biped/Slow_Bar_Hang_Left.gif
484,Slow_Bar_Hang_Right,HangingfromLedge,https://cdn.meshy.ai/webapp-assets/feature-demo/animation/preview/biped/Slow_Bar_Hang_Right.gif
485,Jump_and_Hang_on_Bar,HangingfromLedge,https://cdn.meshy.ai/webapp-assets/feature-demo/animation/preview/biped/Jump_and_Hang_on_Bar.gif
486,Wall_Support_to_Step_Down,HangingfromLedge,https://cdn.meshy.ai/webapp-assets/feature-demo/animation/preview/biped/Wall_Support_to_Step_Down.gif
487,Climb_Attempt_and_Fall_3,FallingFreely,https://cdn.meshy.ai/webapp-assets/feature-demo/animation/preview/biped/Climb_Attempt_and_Fall_3.gif
488,Climb_Attempt_and_Fall_4,FallingFreely,https://cdn.meshy.ai/webapp-assets/feature-demo/animation/preview/biped/Climb_Attempt_and_Fall_4.gif
489,Climb_Attempt_and_Fall_5,FallingFreely,https://cdn.meshy.ai/webapp-assets/feature-demo/animation/preview/biped/Climb_Attempt_and_Fall_5.gif
490,Fall_Down,HangingfromLedge,https://cdn.meshy.ai/webapp-assets/feature-demo/animation/preview/biped/Fall_Down.gif
491,Fall_from_Bar,HangingfromLedge,https://cdn.meshy.ai/webapp-assets/feature-demo/animation/preview/biped/Fall_from_Bar.gif
492,Wall_Support_Jump_to_Ground,HangingfromLedge,https://cdn.meshy.ai/webapp-assets/feature-demo/animation/preview/biped/Wall_Support_Jump_to_Ground.gif
493,Jump_Down_from_Wall,HangingfromLedge,https://cdn.meshy.ai/webapp-assets/feature-demo/animation/preview/biped/Jump_Down_from_Wall.gif
494,Swing_on_Rope_to_Ground,HangingfromLedge,https://cdn.meshy.ai/webapp-assets/feature-demo/animation/preview/biped/Swing_on_Rope_to_Ground.gif
495,Grab_Bar_and_Swing_Forward,HangingfromLedge,https://cdn.meshy.ai/webapp-assets/feature-demo/animation/preview/biped/Grab_Bar_and_Swing_Forward.gif
496,Rope_Hang_Backflip_to_Crouch,HangingfromLedge,https://cdn.meshy.ai/webapp-assets/feature-demo/animation/preview/biped/Rope_Hang_Backflip_to_Crouch.gif
497,climbing_down_wall,Climbing,https://cdn.meshy.ai/webapp-assets/feature-demo/animation/preview/biped/climbing_down_wall.gif
498,Climb_Attempt_and_Fall,FallingFreely,https://cdn.meshy.ai/webapp-assets/feature-demo/animation/preview/biped/Climb_Attempt_and_Fall.gif
499,Climb_Attempt_and_Fall_1,FallingFreely,https://cdn.meshy.ai/webapp-assets/feature-demo/animation/preview/biped/Climb_Attempt_and_Fall_1.gif
500,Climb_Attempt_and_Fall_2,FallingFreely,https://cdn.meshy.ai/webapp-assets/feature-demo/animation/preview/biped/Climb_Attempt_and_Fall_2.gif
501,Leap_of_Faith,FallingFreely,https://cdn.meshy.ai/webapp-assets/feature-demo/animation/preview/biped/Leap_of_Faith.gif
502,Fall1,FallingFreely,https://cdn.meshy.ai/webapp-assets/feature-demo/animation/preview/biped/Fall1.gif
503,Fall2,FallingFreely,https://cdn.meshy.ai/webapp-assets/feature-demo/animation/preview/biped/Fall2.gif
504,Fall3,FallingFreely,https://cdn.meshy.ai/webapp-assets/feature-demo/animation/preview/biped/Fall3.gif
505,Fall4,FallingFreely,https://cdn.meshy.ai/webapp-assets/feature-demo/animation/preview/biped/Fall4.gif
506,Dive_Down_and_Land,FallingFreely,https://cdn.meshy.ai/webapp-assets/feature-demo/animation/preview/biped/Dive_Down_and_Land.gif
507,Dive_Down_and_Land_1,FallingFreely,https://cdn.meshy.ai/webapp-assets/feature-demo/animation/preview/biped/Dive_Down_and_Land_1.gif
508,Dive_Down_and_Land_2,FallingFreely,https://cdn.meshy.ai/webapp-assets/feature-demo/animation/preview/biped/Dive_Down_and_Land_2.gif
509,Lean_Forward_Sprint,Running,https://cdn.meshy.ai/webapp-assets/feature-demo/animation/preview/biped/Lean_Forward_Sprint.gif
510,Standard_Forward_Charge,Running,https://cdn.meshy.ai/webapp-assets/feature-demo/animation/preview/biped/Standard_Forward_Charge.gif
511,Rifle_Charge,Running,https://cdn.meshy.ai/webapp-assets/feature-demo/animation/preview/biped/Rifle_Charge.gif
512,Male_Head_Down_Charge,Running,https://cdn.meshy.ai/webapp-assets/feature-demo/animation/preview/biped/Male_Head_Down_Charge.gif
513,Female_Head_Down_Charge,Running,https://cdn.meshy.ai/webapp-assets/feature-demo/animation/preview/biped/Female_Head_Down_Charge.gif
514,Female_Bow_Charge_Left_Hand,Running,https://cdn.meshy.ai/webapp-assets/feature-demo/animation/preview/biped/Female_Bow_Charge_Left_Hand.gif
515,Female_Throwing_Stance_Charge,Running,https://cdn.meshy.ai/webapp-assets/feature-demo/animation/preview/biped/Female_Throwing_Stance_Charge.gif
516,slide_light,Running,https://cdn.meshy.ai/webapp-assets/feature-demo/animation/preview/biped/slide_light.gif
517,slide_right,Running,https://cdn.meshy.ai/webapp-assets/feature-demo/animation/preview/biped/slide_right.gif
518,sliding_rool,Running,https://cdn.meshy.ai/webapp-assets/feature-demo/animation/preview/biped/sliding_rool.gif
519,sliding_stumble,Running,https://cdn.meshy.ai/webapp-assets/feature-demo/animation/preview/biped/sliding_stumble.gif
520,Crouch_Walk_with_Torch,CrouchWalking,https://cdn.meshy.ai/webapp-assets/feature-demo/animation/preview/biped/Crouch_Walk_with_Torch.gif
521,Crouch_Walk_Left_with_Torch,CrouchWalking,https://cdn.meshy.ai/webapp-assets/feature-demo/animation/preview/biped/Crouch_Walk_Left_with_Torch.gif
522,Crouch_Walk_Right_with_Torch,CrouchWalking,https://cdn.meshy.ai/webapp-assets/feature-demo/animation/preview/biped/Crouch_Walk_Right_with_Torch.gif
523,Cautious_Crouch_Walk_Backward,CrouchWalking,https://cdn.meshy.ai/webapp-assets/feature-demo/animation/preview/biped/Cautious_Crouch_Walk_Backward.gif
524,Cautious_Crouch_Walk_Forward,CrouchWalking,https://cdn.meshy.ai/webapp-assets/feature-demo/animation/preview/biped/Cautious_Crouch_Walk_Forward.gif
525,Cautious_Crouch_Walk_Left,CrouchWalking,https://cdn.meshy.ai/webapp-assets/feature-demo/animation/preview/biped/Cautious_Crouch_Walk_Left.gif
526,Cautious_Crouch_Walk_Right,CrouchWalking,https://cdn.meshy.ai/webapp-assets/feature-demo/animation/preview/biped/Cautious_Crouch_Walk_Right.gif
527,Crouch_Walk_Left_with_Gun,CrouchWalking,https://cdn.meshy.ai/webapp-assets/feature-demo/animation/preview/biped/Crouch_Walk_Left_with_Gun.gif
528,Walk_Left_with_Gun,CrouchWalking,https://cdn.meshy.ai/webapp-assets/feature-demo/animation/preview/biped/Walk_Left_with_Gun.gif
529,Walk_Backward_with_Gun,CrouchWalking,https://cdn.meshy.ai/webapp-assets/feature-demo/animation/preview/biped/Walk_Backward_with_Gun.gif
530,run_fast_3,Running,https://cdn.meshy.ai/webapp-assets/feature-demo/animation/preview/biped/run_fast_3.gif
531,Sprint_and_Sudden_Stop,Running,https://cdn.meshy.ai/webapp-assets/feature-demo/animation/preview/biped/Sprint_and_Sudden_Stop.gif
532,run_fast_4,Running,https://cdn.meshy.ai/webapp-assets/feature-demo/animation/preview/biped/run_fast_4.gif
533,run_fast_5,Running,https://cdn.meshy.ai/webapp-assets/feature-demo/animation/preview/biped/run_fast_5.gif
534,run_fast_6,Running,https://cdn.meshy.ai/webapp-assets/feature-demo/animation/preview/biped/run_fast_6.gif
535,run_fast_7,Running,https://cdn.meshy.ai/webapp-assets/feature-demo/animation/preview/biped/run_fast_7.gif
536,run_fast_8,Running,https://cdn.meshy.ai/webapp-assets/feature-demo/animation/preview/biped/run_fast_8.gif
537,run_fast_9,Running,https://cdn.meshy.ai/webapp-assets/feature-demo/animation/preview/biped/run_fast_9.gif
538,run_fast_10,Running,https://cdn.meshy.ai/webapp-assets/feature-demo/animation/preview/biped/run_fast_10.gif
539,run_fast_2,Running,https://cdn.meshy.ai/webapp-assets/feature-demo/animation/preview/biped/run_fast_2.gif
540,Injured_Walk_Backward,Walking,https://cdn.meshy.ai/webapp-assets/feature-demo/animation/preview/biped/Injured_Walk_Backward.gif
541,Walk_Backward_with_Gun_1,Walking,https://cdn.meshy.ai/webapp-assets/feature-demo/animation/preview/biped/Walk_Backward_with_Gun_1.gif
542,Walk_Backward_with_Grenade,Walking,https://cdn.meshy.ai/webapp-assets/feature-demo/animation/preview/biped/Walk_Backward_with_Grenade.gif
543,Step_Back,Walking,https://cdn.meshy.ai/webapp-assets/feature-demo/animation/preview/biped/Step_Back.gif
544,Walk_Backward,Walking,https://cdn.meshy.ai/webapp-assets/feature-demo/animation/preview/biped/Walk_Backward.gif
545,Walk_Backward_with_Bow,Walking,https://cdn.meshy.ai/webapp-assets/feature-demo/animation/preview/biped/Walk_Backward_with_Bow.gif
546,Walk_Backward_with_Sword,Walking,https://cdn.meshy.ai/webapp-assets/feature-demo/animation/preview/biped/Walk_Backward_with_Sword.gif
547,Walk_Backward_with_Bow_1,Walking,https://cdn.meshy.ai/webapp-assets/feature-demo/animation/preview/biped/Walk_Backward_with_Bow_1.gif
548,Walk_Backward_with_Sword_Shield,Walking,https://cdn.meshy.ai/webapp-assets/feature-demo/animation/preview/biped/Walk_Backward_with_Sword_Shield.gif
549,Crawl_Backward,Walking,https://cdn.meshy.ai/webapp-assets/feature-demo/animation/preview/biped/Crawl_Backward.gif
550,Carry_Heavy_Cannon_Forward,Walking,https://cdn.meshy.ai/webapp-assets/feature-demo/animation/preview/biped/Carry_Heavy_Cannon_Forward.gif
551,Carry_Heavy_Object_Walk,Walking,https://cdn.meshy.ai/webapp-assets/feature-demo/animation/preview/biped/Carry_Heavy_Object_Walk.gif
552,Carry_Water_Bucket_Walk,Walking,https://cdn.meshy.ai/webapp-assets/feature-demo/animation/preview/biped/Carry_Water_Bucket_Walk.gif
553,Elderly_Shaky_Walk,Walking,https://cdn.meshy.ai/webapp-assets/feature-demo/animation/preview/biped/Elderly_Shaky_Walk.gif
554,Funky_Walk,Walking,https://cdn.meshy.ai/webapp-assets/feature-demo/animation/preview/biped/Funky_Walk.gif
555,Limping_Walk_1,Walking,https://cdn.meshy.ai/webapp-assets/feature-demo/animation/preview/biped/Limping_Walk_1.gif
556,Limping_Walk_2,Walking,https://cdn.meshy.ai/webapp-assets/feature-demo/animation/preview/biped/Limping_Walk_2.gif
557,Limping_Walk_3,Walking,https://cdn.meshy.ai/webapp-assets/feature-demo/animation/preview/biped/Limping_Walk_3.gif
558,Limping_Walk,Walking,https://cdn.meshy.ai/webapp-assets/feature-demo/animation/preview/biped/Limping_Walk.gif
559,Sneaky_Walk,Walking,https://cdn.meshy.ai/webapp-assets/feature-demo/animation/preview/biped/Sneaky_Walk.gif
560,Spear_Walk,Walking,https://cdn.meshy.ai/webapp-assets/feature-demo/animation/preview/biped/Spear_Walk.gif
561,Step_Hip_Hop_Dance,Walking,https://cdn.meshy.ai/webapp-assets/feature-demo/animation/preview/biped/Step_Hip_Hop_Dance.gif
562,Stumble_Walk,Walking,https://cdn.meshy.ai/webapp-assets/feature-demo/animation/preview/biped/Stumble_Walk.gif
563,Stylish_Walk,Walking,https://cdn.meshy.ai/webapp-assets/feature-demo/animation/preview/biped/Stylish_Walk.gif
564,Tightrope_Walk,Walking,https://cdn.meshy.ai/webapp-assets/feature-demo/animation/preview/biped/Tightrope_Walk.gif
565,Walk_with_Umbrella,Walking,https://cdn.meshy.ai/webapp-assets/feature-demo/animation/preview/biped/Walk_with_Umbrella.gif
566,walking_2,Walking,https://cdn.meshy.ai/webapp-assets/feature-demo/animation/preview/biped/walking_2.gif
567,Walk_with_Walker_Support,Walking,https://cdn.meshy.ai/webapp-assets/feature-demo/animation/preview/biped/Walk_with_Walker_Support.gif
568,Swim_Idle,Swimming,https://cdn.meshy.ai/webapp-assets/feature-demo/animation/preview/biped/Swim_Idle.gif
569,Swim_Forward,Swimming,https://cdn.meshy.ai/webapp-assets/feature-demo/animation/preview/biped/Swim_Forward.gif
570,swimming_to_edge,Swimming,https://cdn.meshy.ai/webapp-assets/feature-demo/animation/preview/biped/swimming_to_edge.gif
571,Run_Turn_Left,TurningAround,https://cdn.meshy.ai/webapp-assets/feature-demo/animation/preview/biped/Run_Turn_Left.gif
572,Walk_Turn_Left,TurningAround,https://cdn.meshy.ai/webapp-assets/feature-demo/animation/preview/biped/Walk_Turn_Left.gif
573,Rifle_Turn_Left,TurningAround,https://cdn.meshy.ai/webapp-assets/feature-demo/animation/preview/biped/Rifle_Turn_Left.gif
574,Walk_Turn_Left_with_Weapon,TurningAround,https://cdn.meshy.ai/webapp-assets/feature-demo/animation/preview/biped/Walk_Turn_Left_with_Weapon.gif
575,Combat_Idle_Turn_Left,TurningAround,https://cdn.meshy.ai/webapp-assets/feature-demo/animation/preview/biped/Combat_Idle_Turn_Left.gif
576,Idle_Turn_Left,TurningAround,https://cdn.meshy.ai/webapp-assets/feature-demo/animation/preview/biped/Idle_Turn_Left.gif
577,Idle_Step_Turn_Left,TurningAround,https://cdn.meshy.ai/webapp-assets/feature-demo/animation/preview/biped/Idle_Step_Turn_Left.gif
578,Idle_Torch_Turn_Left,TurningAround,https://cdn.meshy.ai/webapp-assets/feature-demo/animation/preview/biped/Idle_Torch_Turn_Left.gif
579,Depressed_Full_Turn_Left,TurningAround,https://cdn.meshy.ai/webapp-assets/feature-demo/animation/preview/biped/Depressed_Full_Turn_Left.gif
580,Sword_and_Shield_Alert_Turn_Left,TurningAround,https://cdn.meshy.ai/webapp-assets/feature-demo/animation/preview/biped/Sword_and_Shield_Alert_Turn_Left.gif
581,Run_Sharp_Turn_Right,TurningAround,https://cdn.meshy.ai/webapp-assets/feature-demo/animation/preview/biped/Run_Sharp_Turn_Right.gif
582,Run_Turn_Right,TurningAround,https://cdn.meshy.ai/webapp-assets/feature-demo/animation/preview/biped/Run_Turn_Right.gif
583,Walk_Turn_Right,TurningAround,https://cdn.meshy.ai/webapp-assets/feature-demo/animation/preview/biped/Walk_Turn_Right.gif
584,Walk_Turn_Right_Female,TurningAround,https://cdn.meshy.ai/webapp-assets/feature-demo/animation/preview/biped/Walk_Turn_Right_Female.gif
585,Rifle_Aim_Turn_Right,TurningAround,https://cdn.meshy.ai/webapp-assets/feature-demo/animation/preview/biped/Rifle_Aim_Turn_Right.gif
586,Idle_Turn_Right,TurningAround,https://cdn.meshy.ai/webapp-assets/feature-demo/animation/preview/biped/Idle_Turn_Right.gif
587,Walk_Turn_Right_Idle_Style,TurningAround,https://cdn.meshy.ai/webapp-assets/feature-demo/animation/preview/biped/Walk_Turn_Right_Idle_Style.gif
588,Frustrated_Turn_Right,TurningAround,https://cdn.meshy.ai/webapp-assets/feature-demo/animation/preview/biped/Frustrated_Turn_Right.gif
589,Alert_Quick_Turn_Right,TurningAround,https://cdn.meshy.ai/webapp-assets/feature-demo/animation/preview/biped/Alert_Quick_Turn_Right.gif
590,Sword_and_Shield_Alert_Turn_Right,TurningAround,https://cdn.meshy.ai/webapp-assets/feature-demo/animation/preview/biped/Sword_and_Shield_Alert_Turn_Right.gif
591,Hip_Hop_Dance,Dancing,https://cdn.meshy.ai/webapp-assets/feature-demo/animation/preview/biped/Hip_Hop_Dance.gif
592,Hip_Hop_Dance_1,Dancing,https://cdn.meshy.ai/webapp-assets/feature-demo/animation/preview/biped/Hip_Hop_Dance_1.gif
593,Hip_Hop_Dance_2,Dancing,https://cdn.meshy.ai/webapp-assets/feature-demo/animation/preview/biped/Hip_Hop_Dance_2.gif
594,Hip_Hop_Dance_3,Dancing,https://cdn.meshy.ai/webapp-assets/feature-demo/animation/preview/biped/Hip_Hop_Dance_3.gif
595,jazz_danc,Dancing,https://cdn.meshy.ai/webapp-assets/feature-demo/animation/preview/biped/jazz_danc.gif
596,ymca_dance,Dancing,https://cdn.meshy.ai/webapp-assets/feature-demo/animation/preview/biped/ymca_dance.gif
597,Hip_Hop_Dance_4,Dancing,https://cdn.meshy.ai/webapp-assets/feature-demo/animation/preview/biped/Hip_Hop_Dance_4.gif
598,kettlebell_swing_1,WorkingOut,https://cdn.meshy.ai/webapp-assets/feature-demo/animation/preview/biped/kettlebell_swing_1.gif
599,Idle_15,Idle,https://cdn.meshy.ai/webapp-assets/feature-demo/animation/preview/biped/Idle_15.gif
601,Backflip_inplace,PerformingStunt,https://cdn.meshy.ai/webapp-assets/feature-demo/animation/preview/biped/Backflip.gif
604,Backflip_Sweep_Kick_inplace,PerformingStunt,https://cdn.meshy.ai/webapp-assets/feature-demo/animation/preview/biped/Backflip_Sweep_Kick.gif
605,Back_Jump_inplace,Jumping,https://cdn.meshy.ai/webapp-assets/feature-demo/animation/preview/biped/Back_Jump.gif
606,BackLeft_run_inplace,Running,https://cdn.meshy.ai/webapp-assets/feature-demo/animation/preview/biped/BackLeft_run.gif
607,BackRight_Run_inplace,Running,https://cdn.meshy.ai/webapp-assets/feature-demo/animation/preview/biped/BackRight_Run.gif
608,BeHit_FlyUp_inplace,GettingHit,https://cdn.meshy.ai/webapp-assets/feature-demo/animation/preview/biped/BeHit_FlyUp.gif
609,Boxing_Practice_inplace,Punching,https://cdn.meshy.ai/webapp-assets/feature-demo/animation/preview/biped/Boxing_Practice.gif
610,Carry_Heavy_Cannon_Forward_inplace,Walking,https://cdn.meshy.ai/webapp-assets/feature-demo/animation/preview/biped/Carry_Heavy_Cannon_Forward.gif
611,Carry_Heavy_Object_Walk_inplace,Walking,https://cdn.meshy.ai/webapp-assets/feature-demo/animation/preview/biped/Carry_Heavy_Object_Walk.gif
612,Carry_Water_Bucket_Walk_inplace,Walking,https://cdn.meshy.ai/webapp-assets/feature-demo/animation/preview/biped/Carry_Water_Bucket_Walk.gif
613,Casual_Walk_inplace,Walking,https://cdn.meshy.ai/webapp-assets/feature-demo/animation/preview/biped/Casual_Walk.gif
615,Cautious_Crouch_Walk_Backward_inplace,CrouchWalking,https://cdn.meshy.ai/webapp-assets/feature-demo/animation/preview/biped/Cautious_Crouch_Walk_Backward.gif
616,Cautious_Crouch_Walk_Forward_inplace,CrouchWalking,https://cdn.meshy.ai/webapp-assets/feature-demo/animation/preview/biped/Cautious_Crouch_Walk_Forward.gif
617,Cautious_Crouch_Walk_Left_inplace,CrouchWalking,https://cdn.meshy.ai/webapp-assets/feature-demo/animation/preview/biped/Cautious_Crouch_Walk_Left.gif
618,Cautious_Crouch_Walk_Right_inplace,CrouchWalking,https://cdn.meshy.ai/webapp-assets/feature-demo/animation/preview/biped/Cautious_Crouch_Walk_Right.gif
619,Climb_Left_with_Both_Limbs_inplace,Climbing,https://cdn.meshy.ai/webapp-assets/feature-demo/animation/preview/biped/Climb_Left_with_Both_Limbs.gif
620,Climb_Right_with_Both_Limbs_inplace,Climbing,https://cdn.meshy.ai/webapp-assets/feature-demo/animation/preview/biped/Climb_Right_with_Both_Limbs.gif
621,Confident_Strut_inplace,Walking,https://cdn.meshy.ai/webapp-assets/feature-demo/animation/preview/biped/Confident_Strut.gif
622,Crawl_Backward_inplace,Walking,https://cdn.meshy.ai/webapp-assets/feature-demo/animation/preview/biped/Crawl_Backward.gif
623,Crouch_Walk_Left_with_Gun_inplace,CrouchWalking,https://cdn.meshy.ai/webapp-assets/feature-demo/animation/preview/biped/Crouch_Walk_Left_with_Gun.gif
624,Crouch_Walk_Left_with_Torch_inplace,CrouchWalking,https://cdn.meshy.ai/webapp-assets/feature-demo/animation/preview/biped/Crouch_Walk_Left_with_Torch.gif
625,Crouch_Walk_Right_with_Torch_inplace,CrouchWalking,https://cdn.meshy.ai/webapp-assets/feature-demo/animation/preview/biped/Crouch_Walk_Right_with_Torch.gif
626,Elderly_Shaky_Walk_inplace,Walking,https://cdn.meshy.ai/webapp-assets/feature-demo/animation/preview/biped/Elderly_Shaky_Walk.gif
627,Female_Bow_Charge_Left_Hand_inplace,Running,https://cdn.meshy.ai/webapp-assets/feature-demo/animation/preview/biped/Female_Bow_Charge_Left_Hand.gif
628,Female_Throwing_Stance_Charge_inplace,Running,https://cdn.meshy.ai/webapp-assets/feature-demo/animation/preview/biped/Female_Throwing_Stance_Charge.gif
629,Flirty_Strut_inplace,Walking,https://cdn.meshy.ai/webapp-assets/feature-demo/animation/preview/biped/Flirty_Strut.gif
630,ForwardLeft_Run_Fight_inplace,Transitioning,https://cdn.meshy.ai/webapp-assets/feature-demo/animation/preview/biped/ForwardLeft_Run_Fight.gif
631,ForwardRight_Run_Fight_inplace,Transitioning,https://cdn.meshy.ai/webapp-assets/feature-demo/animation/preview/biped/ForwardRight_Run_Fight.gif
632,Funky_Walk_inplace,Walking,https://cdn.meshy.ai/webapp-assets/feature-demo/animation/preview/biped/Funky_Walk.gif
635,Handbag_Walk_inplace,Acting,https://cdn.meshy.ai/webapp-assets/feature-demo/animation/preview/biped/Handbag_Walk.gif
636,Hello_Run_inplace,Running,https://cdn.meshy.ai/webapp-assets/feature-demo/animation/preview/biped/Hello_Run.gif
637,Injured_Walk_inplace,Walking,https://cdn.meshy.ai/webapp-assets/feature-demo/animation/preview/biped/Injured_Walk.gif
638,Injured_Walk_Backward_inplace,Walking,https://cdn.meshy.ai/webapp-assets/feature-demo/animation/preview/biped/Injured_Walk_Backward.gif
639,Jazz_Hands_inplace,Acting,https://cdn.meshy.ai/webapp-assets/feature-demo/animation/preview/biped/Jazz_Hands.gif
640,Jump_Over_Obstacle_inplace,Jumping,https://cdn.meshy.ai/webapp-assets/feature-demo/animation/preview/biped/Jump_Over_Obstacle.gif
641,Jump_Over_Obstacle_1_inplace,Jumping,https://cdn.meshy.ai/webapp-assets/feature-demo/animation/preview/biped/Jump_Over_Obstacle_1.gif
642,Jump_Over_Obstacle_2_inplace,Jumping,https://cdn.meshy.ai/webapp-assets/feature-demo/animation/preview/biped/Jump_Over_Obstacle_2.gif
643,Jump_Run_inplace,Running,https://cdn.meshy.ai/webapp-assets/feature-demo/animation/preview/biped/Jump_Run.gif
644,Lean_Forward_Sprint_inplace,Running,https://cdn.meshy.ai/webapp-assets/feature-demo/animation/preview/biped/Lean_Forward_Sprint.gif
645,Limping_Walk_inplace,Walking,https://cdn.meshy.ai/webapp-assets/feature-demo/animation/preview/biped/Limping_Walk.gif
646,Limping_Walk_1_inplace,Walking,https://cdn.meshy.ai/webapp-assets/feature-demo/animation/preview/biped/Limping_Walk_1.gif
647,Limping_Walk_2_inplace,Walking,https://cdn.meshy.ai/webapp-assets/feature-demo/animation/preview/biped/Limping_Walk_2.gif
648,Limping_Walk_3_inplace,Walking,https://cdn.meshy.ai/webapp-assets/feature-demo/animation/preview/biped/Limping_Walk_3.gif
649,Lunge_Roundhouse_Kick_inplace,Punching,https://cdn.meshy.ai/webapp-assets/feature-demo/animation/preview/biped/Lunge_Roundhouse_Kick.gif
650,Mummy_Stagger_inplace,Acting,https://cdn.meshy.ai/webapp-assets/feature-demo/animation/preview/biped/Mummy_Stagger.gif
651,Parkour_Vault_with_Roll_inplace,VaultingOverObstacle,https://cdn.meshy.ai/webapp-assets/feature-demo/animation/preview/biped/Parkour_Vault_with_Roll.gif
652,Proud_Strut_inplace,Walking,https://cdn.meshy.ai/webapp-assets/feature-demo/animation/preview/biped/Proud_Strut.gif
653,Red_Carpet_Walk_inplace,Walking,https://cdn.meshy.ai/webapp-assets/feature-demo/animation/preview/biped/Red_Carpet_Walk.gif
654,Rifle_Charge_inplace,Running,https://cdn.meshy.ai/webapp-assets/feature-demo/animation/preview/biped/Rifle_Charge.gif
656,Run_and_Leap_inplace,Acting,https://cdn.meshy.ai/webapp-assets/feature-demo/animation/preview/biped/Run_and_Leap.gif
657,run_fast_10_inplace,Running,https://cdn.meshy.ai/webapp-assets/feature-demo/animation/preview/biped/run_fast_10.gif
658,run_fast_2_inplace,Running,https://cdn.meshy.ai/webapp-assets/feature-demo/animation/preview/biped/run_fast_2.gif
659,run_fast_3_inplace,Running,https://cdn.meshy.ai/webapp-assets/feature-demo/animation/preview/biped/run_fast_3.gif
660,run_fast_4_inplace,Running,https://cdn.meshy.ai/webapp-assets/feature-demo/animation/preview/biped/run_fast_4.gif
661,run_fast_5_inplace,Running,https://cdn.meshy.ai/webapp-assets/feature-demo/animation/preview/biped/run_fast_5.gif
662,run_fast_6_inplace,Running,https://cdn.meshy.ai/webapp-assets/feature-demo/animation/preview/biped/run_fast_6.gif
663,run_fast_7_inplace,Running,https://cdn.meshy.ai/webapp-assets/feature-demo/animation/preview/biped/run_fast_7.gif
664,run_fast_8_inplace,Running,https://cdn.meshy.ai/webapp-assets/feature-demo/animation/preview/biped/run_fast_8.gif
665,run_fast_9_inplace,Running,https://cdn.meshy.ai/webapp-assets/feature-demo/animation/preview/biped/run_fast_9.gif
666,Running_Reload_inplace,Transitioning,https://cdn.meshy.ai/webapp-assets/feature-demo/animation/preview/biped/Running_Reload.gif
667,Run_to_Walk_Transition_inplace,Walking,https://cdn.meshy.ai/webapp-assets/feature-demo/animation/preview/biped/Run_to_Walk_Transition.gif
668,Skip_Forward_inplace,Walking,https://cdn.meshy.ai/webapp-assets/feature-demo/animation/preview/biped/Skip_Forward.gif
669,Slow_Orc_Walk_inplace,Walking,https://cdn.meshy.ai/webapp-assets/feature-demo/animation/preview/biped/Slow_Orc_Walk.gif
670,Slow_Walk_Reload_inplace,Transitioning,https://cdn.meshy.ai/webapp-assets/feature-demo/animation/preview/biped/Slow_Walk_Reload.gif
671,Sneaky_Walk_inplace,Walking,https://cdn.meshy.ai/webapp-assets/feature-demo/animation/preview/biped/Sneaky_Walk.gif
672,Spear_Walk_inplace,Walking,https://cdn.meshy.ai/webapp-assets/feature-demo/animation/preview/biped/Spear_Walk.gif
673,Standard_Forward_Charge_inplace,Running,https://cdn.meshy.ai/webapp-assets/feature-demo/animation/preview/biped/Standard_Forward_Charge.gif
674,Stumble_Walk_inplace,Walking,https://cdn.meshy.ai/webapp-assets/feature-demo/animation/preview/biped/Stumble_Walk.gif
675,Stylish_Walk_inplace,Walking,https://cdn.meshy.ai/webapp-assets/feature-demo/animation/preview/biped/Stylish_Walk.gif
676,Texting_Walk_inplace,Walking,https://cdn.meshy.ai/webapp-assets/feature-demo/animation/preview/biped/Texting_Walk.gif
677,Tightrope_Walk_inplace,Walking,https://cdn.meshy.ai/webapp-assets/feature-demo/animation/preview/biped/Tightrope_Walk.gif
678,Unsteady_Walk_inplace,Walking,https://cdn.meshy.ai/webapp-assets/feature-demo/animation/preview/biped/Unsteady_Walk.gif
679,Walk_Backward_inplace,Walking,https://cdn.meshy.ai/webapp-assets/feature-demo/animation/preview/biped/Walk_Backward.gif
680,Walk_Backward_While_Shooting_inplace,AttackingwithWeapon,https://cdn.meshy.ai/webapp-assets/feature-demo/animation/preview/biped/Walk_Backward_While_Shooting.gif
681,Walk_Backward_with_Bow_inplace,Walking,https://cdn.meshy.ai/webapp-assets/feature-demo/animation/preview/biped/Walk_Backward_with_Bow.gif
682,Walk_Backward_with_Bow_1_inplace,Walking,https://cdn.meshy.ai/webapp-assets/feature-demo/animation/preview/biped/Walk_Backward_with_Bow_1.gif
683,Walk_Backward_with_Bow_Aimed_inplace,AttackingwithWeapon,https://cdn.meshy.ai/webapp-assets/feature-demo/animation/preview/biped/Walk_Backward_with_Bow_Aimed.gif
684,Walk_Backward_with_Grenade_inplace,Walking,https://cdn.meshy.ai/webapp-assets/feature-demo/animation/preview/biped/Walk_Backward_with_Grenade.gif
685,Walk_Backward_with_Gun_inplace,CrouchWalking,https://cdn.meshy.ai/webapp-assets/feature-demo/animation/preview/biped/Walk_Backward_with_Gun.gif
686,Walk_Backward_with_Gun_1_inplace,Walking,https://cdn.meshy.ai/webapp-assets/feature-demo/animation/preview/biped/Walk_Backward_with_Gun_1.gif
687,Walk_Backward_with_Sword_inplace,Walking,https://cdn.meshy.ai/webapp-assets/feature-demo/animation/preview/biped/Walk_Backward_with_Sword.gif
688,Walk_Fight_Back_inplace,Walking,https://cdn.meshy.ai/webapp-assets/feature-demo/animation/preview/biped/Walk_Fight_Back.gif
689,Walk_Fight_Forward_inplace,Walking,https://cdn.meshy.ai/webapp-assets/feature-demo/animation/preview/biped/Walk_Fight_Forward.gif
690,Walk_Forward_While_Shooting_inplace,AttackingwithWeapon,https://cdn.meshy.ai/webapp-assets/feature-demo/animation/preview/biped/Walk_Forward_While_Shooting.gif
691,Walk_Forward_with_Bow_Aimed_inplace,AttackingwithWeapon,https://cdn.meshy.ai/webapp-assets/feature-demo/animation/preview/biped/Walk_Forward_with_Bow_Aimed.gif
692,walking_2_inplace,Walking,https://cdn.meshy.ai/webapp-assets/feature-demo/animation/preview/biped/walking_2.gif
693,Walking_with_Phone_inplace,Walking,https://cdn.meshy.ai/webapp-assets/feature-demo/animation/preview/biped/Walking_with_Phone.gif
694,Walk_Left_with_Gun_inplace,CrouchWalking,https://cdn.meshy.ai/webapp-assets/feature-demo/animation/preview/biped/Walk_Left_with_Gun.gif
695,Walk_with_Umbrella_inplace,Walking,https://cdn.meshy.ai/webapp-assets/feature-demo/animation/preview/biped/Walk_with_Umbrella.gif
696,Walk_with_Walker_Support_inplace,Walking,https://cdn.meshy.ai/webapp-assets/feature-demo/animation/preview/biped/Walk_with_Walker_Support.gif
